日期,測站,當日最高溫度(°C),當日最低溫度(°C),當日平均溫度(°C)
2018-12-24,嘉義,25.7,17.7,20.3
2018-12-25,嘉義,28.7,18.2,22.1
2018-12-26,嘉義,28.6,20.1,22.2
2018-12-27,嘉義,26.1,17.0,20.6
2018-12-28,嘉義,24.6,15.5,18.4
2018-12-29,嘉義,22.8,12.9,16.7
2018-12-30,嘉義,24.0,10.8,17.6
2018-12-31,嘉義,22.2,15.3,18.1
2019-01-01,嘉義,24.5,13.5,18.3
2019-01-02,嘉義,22.4,16.5,19.1
2019-01-03,嘉義,25.5,16.9,20.0
2019-01-04,嘉義,27.6,16.5,21.0
2019-01-05,嘉義,30.1,17.0,22.4
2019-01-06,嘉義,25.9,17.8,20.9
2019-01-07,嘉義,28.1,15.8,21.0
2019-01-08,嘉義,27.2,19.2,21.8
2019-01-09,嘉義,27.1,17.9,21.1
2019-01-10,嘉義,26.8,17.9,21.2
2019-01-11,嘉義,28.9,18.3,21.7
2019-01-12,嘉義,28.3,18.1,21.5
2019-01-13,嘉義,26.9,17.7,20.6
2019-01-14,嘉義,27.3,17.1,20.4
2019-01-15,嘉義,26.4,18.0,20.5
2019-01-16,嘉義,19.2,16.4,17.6
2019-01-17,嘉義,20.2,14.9,16.6
2019-01-18,嘉義,24.9,13.5,18.0
2019-01-19,嘉義,23.4,15.3,19.2
2019-01-20,嘉義,25.2,17.3,20.0
2019-01-21,嘉義,20.4,14.5,16.4
2019-01-22,嘉義,18.2,11.4,15.3
2019-01-23,嘉義,23.4,10.1,15.9
2019-01-24,嘉義,25.5,11.7,17.2
2019-01-25,嘉義,25.9,11.5,17.4
2019-01-26,嘉義,22.9,11.5,16.0
2019-01-27,嘉義,22.4,13.4,16.5
2019-01-28,嘉義,25.5,11.7,17.2
2019-01-29,嘉義,26.1,12.1,17.9
2019-01-30,嘉義,27.9,13.6,19.3
2019-01-31,嘉義,30.9,14.9,22.1
2019-02-01,嘉義,21.6,15.0,17.7
2019-02-02,嘉義,26.9,14.5,19.2
2019-02-03,嘉義,32.8,15.4,22.9
2019-02-04,嘉義,27.2,18.7,21.7
2019-02-05,嘉義,26.8,17.8,20.6
2019-02-06,嘉義,29.1,16.3,21.7
2019-02-07,嘉義,32.2,16.2,23.1
2019-02-08,嘉義,27.0,17.6,20.8
2019-02-09,嘉義,27.1,16.2,20.3
2019-02-10,嘉義,27.2,16.0,20.3
2019-02-11,嘉義,26.5,16.5,19.8
2019-02-12,嘉義,28.5,15.0,21.0
2019-02-13,嘉義,29.3,18.3,22.4
2019-02-14,嘉義,29.5,18.4,22.4
2019-02-15,嘉義,30.0,17.1,22.5
2019-02-16,嘉義,29.1,17.9,21.6
2019-02-17,嘉義,26.5,17.0,20.2
2019-02-18,嘉義,27.8,17.9,21.5
2019-02-19,嘉義,30.9,18.7,24.0
2019-02-20,嘉義,31.1,20.5,24.0
2019-02-21,嘉義,27.8,18.8,22.4
2019-02-22,嘉義,26.7,17.1,20.8
2019-02-23,嘉義,23.1,16.4,18.8
2019-02-24,嘉義,19.7,16.0,17.6
2019-02-25,嘉義,27.2,16.5,20.2
2019-02-26,嘉義,26.9,16.8,21.1
2019-02-27,嘉義,28.0,17.9,21.9
2019-02-28,嘉義,28.5,19.0,22.3
2019-03-01,嘉義,28.1,17.7,21.3
2019-03-02,嘉義,28.9,19.3,23.1
2019-03-03,嘉義,30.2,18.2,21.8
2019-03-04,嘉義,27.5,15.9,21.1
2019-03-05,嘉義,28.3,17.4,21.6
2019-03-06,嘉義,30.3,17.8,22.2
2019-03-07,嘉義,19.2,13.4,15.6
2019-03-08,嘉義,21.4,13.0,16.3
2019-03-09,嘉義,23.3,17.4,19.8
2019-03-10,嘉義,26.3,18.0,20.5
2019-03-11,嘉義,21.0,17.1,18.6
2019-03-12,嘉義,27.4,14.7,20.9
2019-03-13,嘉義,28.5,18.8,22.5
2019-03-14,嘉義,27.8,19.0,22.1
2019-03-15,嘉義,22.4,17.3,19.1
2019-03-16,嘉義,24.9,16.8,20.9
2019-03-17,嘉義,27.9,19.2,22.3
2019-03-18,嘉義,27.6,18.1,21.9
2019-03-19,嘉義,31.1,18.2,23.5
2019-03-20,嘉義,30.5,19.1,24.4
2019-03-21,嘉義,32.5,19.2,25.6
2019-03-22,嘉義,30.6,19.2,23.9
2019-03-23,嘉義,20.0,16.7,18.4
2019-03-24,嘉義,19.6,15.7,17.4
2019-03-25,嘉義,24.0,16.6,19.9
2019-03-26,嘉義,28.1,16.8,21.6
2019-03-27,嘉義,30.5,20.0,24.3
2019-03-28,嘉義,31.1,19.8,25.5
2019-03-29,嘉義,30.3,19.4,25.8
2019-03-30,嘉義,28.7,19.6,23.6
2019-03-31,嘉義,30.9,19.0,23.6
2019-04-01,嘉義,20.6,17.4,18.7
2019-04-02,嘉義,28.6,17.1,21.9
2019-04-03,嘉義,28.0,19.4,22.3
2019-04-04,嘉義,28.0,18.3,22.4
2019-04-05,嘉義,27.6,19.6,22.5
2019-04-06,嘉義,30.0,18.1,23.7
2019-04-07,嘉義,31.1,19.1,25.2
2019-04-08,嘉義,31.3,20.2,26.0
2019-04-09,嘉義,34.1,20.8,27.4
2019-04-10,嘉義,31.5,23.6,27.1
2019-04-11,嘉義,32.7,20.9,25.7
2019-04-12,嘉義,28.9,19.5,23.1
2019-04-13,嘉義,30.7,19.8,23.9
2019-04-14,嘉義,31.6,21.7,25.4
2019-04-15,嘉義,28.0,20.5,23.2
2019-04-16,嘉義,23.0,20.1,21.4
2019-04-17,嘉義,30.6,20.5,24.3
2019-04-18,嘉義,31.9,21.4,25.7
2019-04-19,嘉義,31.6,21.6,24.5
2019-04-20,嘉義,31.4,22.1,26.0
2019-04-21,嘉義,31.1,23.5,26.3
2019-04-22,嘉義,32.7,22.8,27.6
2019-04-23,嘉義,32.8,23.4,28.2
2019-04-24,嘉義,32.6,22.2,27.3
2019-04-25,嘉義,32.8,22.9,27.8
2019-04-26,嘉義,33.6,21.6,27.2
2019-04-27,嘉義,31.6,23.3,26.6
2019-04-28,嘉義,31.7,22.4,26.1
2019-04-29,嘉義,34.0,23.0,27.9
2019-04-30,嘉義,33.3,23.6,28.6
2019-05-01,嘉義,28.4,21.1,24.4
2019-05-02,嘉義,25.7,20.3,21.9
2019-05-03,嘉義,27.6,19.8,22.6
2019-05-04,嘉義,29.6,22.1,25.1
2019-05-05,嘉義,29.5,21.6,24.5
2019-05-06,嘉義,24.7,20.2,22.4
2019-05-07,嘉義,23.3,19.7,20.9
2019-05-08,嘉義,27.2,19.6,22.8
2019-05-09,嘉義,29.6,21.6,24.4
2019-05-10,嘉義,30.4,22.4,25.5
2019-05-11,嘉義,32.5,21.5,26.2
2019-05-12,嘉義,33.5,23.2,27.4
2019-05-13,嘉義,34.1,22.9,28.2
2019-05-14,嘉義,34.6,23.0,28.6
2019-05-15,嘉義,32.7,24.4,28.1
2019-05-16,嘉義,32.2,24.5,28.6
2019-05-17,嘉義,31.4,27.1,29.0
2019-05-18,嘉義,30.7,25.3,28.1
2019-05-19,嘉義,32.4,26.3,29.1
2019-05-20,嘉義,31.4,23.1,26.3
2019-05-21,嘉義,27.5,22.6,24.8
2019-05-22,嘉義,29.4,22.5,25.3
2019-05-23,嘉義,28.2,21.7,24.2
2019-05-24,嘉義,31.3,23.4,27.0
2019-05-25,嘉義,31.4,23.9,27.1
2019-05-26,嘉義,33.2,23.5,27.9
2019-05-27,嘉義,30.3,25.3,27.3
2019-05-28,嘉義,31.7,24.0,26.6
2019-05-29,嘉義,30.8,22.3,25.2
2019-05-30,嘉義,32.4,21.5,26.5
2019-05-31,嘉義,32.9,23.5,28.0
2019-06-01,嘉義,32.6,24.6,28.2
2019-06-02,嘉義,33.8,24.8,29.5
2019-06-03,嘉義,33.2,24.3,29.1
2019-06-04,嘉義,31.4,24.5,27.2
2019-06-05,嘉義,34.3,23.1,28.9
2019-06-06,嘉義,35.3,24.8,29.9
2019-06-07,嘉義,35.2,26.6,30.3
2019-06-08,嘉義,33.3,25.9,29.9
2019-06-09,嘉義,34.4,26.9,30.2
2019-06-10,嘉義,33.7,25.1,28.9
2019-06-11,嘉義,29.0,25.2,27.3
2019-06-12,嘉義,27.8,24.4,25.9
2019-06-13,嘉義,33.2,25.5,28.0
2019-06-14,嘉義,29.5,24.6,26.7
2019-06-15,嘉義,33.6,23.6,27.9
2019-06-16,嘉義,33.9,24.1,27.5
2019-06-17,嘉義,34.7,24.7,28.1
2019-06-18,嘉義,35.7,25.7,29.9
2019-06-19,嘉義,34.8,25.7,30.6
2019-06-20,嘉義,34.5,26.3,30.2
2019-06-21,嘉義,34.7,26.9,30.6
2019-06-22,嘉義,34.6,28.3,31.0
2019-06-23,嘉義,33.7,25.3,29.0
2019-06-24,嘉義,29.5,24.9,27.5
2019-06-25,嘉義,31.6,25.1,27.7
2019-06-26,嘉義,29.5,24.7,26.6
2019-06-27,嘉義,31.7,25.9,28.3
2019-06-28,嘉義,34.8,25.5,30.5
2019-06-29,嘉義,33.7,27.5,30.3
2019-06-30,嘉義,35.6,26.1,29.9
2019-07-01,嘉義,34.6,26.0,30.5
2019-07-02,嘉義,32.8,26.0,29.2
2019-07-03,嘉義,30.1,24.8,26.6
2019-07-04,嘉義,35.0,26.0,29.5
2019-07-05,嘉義,32.8,25.6,29.1
2019-07-06,嘉義,33.6,25.8,29.4
2019-07-07,嘉義,34.4,27.1,30.1
2019-07-08,嘉義,33.4,27.5,29.7
2019-07-09,嘉義,32.0,26.5,29.3
2019-07-10,嘉義,32.3,25.8,28.1
2019-07-11,嘉義,33.2,26.2,28.6
2019-07-12,嘉義,34.5,25.7,29.9
2019-07-13,嘉義,34.5,28.0,30.6
2019-07-14,嘉義,34.1,27.4,30.5
2019-07-15,嘉義,34.7,26.5,30.8
2019-07-16,嘉義,34.5,28.2,30.4
2019-07-17,嘉義,35.6,27.1,31.5
2019-07-18,嘉義,32.9,26.7,28.6
2019-07-19,嘉義,32.1,26.0,28.3
2019-07-20,嘉義,30.5,25.3,28.1
2019-07-21,嘉義,32.5,25.2,28.6
2019-07-22,嘉義,32.0,25.5,28.4
2019-07-23,嘉義,34.2,24.3,27.9
2019-07-24,嘉義,33.7,24.6,28.9
2019-07-25,嘉義,33.9,25.4,29.8
2019-07-26,嘉義,34.5,26.3,30.0
2019-07-27,嘉義,33.6,25.5,28.1
2019-07-28,嘉義,33.6,24.7,27.9
2019-07-29,嘉義,35.3,24.9,29.8
2019-07-30,嘉義,35.4,25.8,29.5
2019-07-31,嘉義,34.7,23.6,28.3
2019-08-01,嘉義,33.5,25.4,27.6
2019-08-02,嘉義,33.1,25.2,27.4
2019-08-03,嘉義,33.5,24.7,28.7
2019-08-04,嘉義,34.3,26.8,29.6
2019-08-05,嘉義,34.2,26.1,29.1
2019-08-06,嘉義,33.9,27.3,29.1
2019-08-07,嘉義,34.0,25.7,29.6
2019-08-08,嘉義,34.6,26.9,29.4
2019-08-09,嘉義,31.6,26.5,29.0
2019-08-10,嘉義,32.2,29.6,30.4
2019-08-11,嘉義,31.7,28.1,29.7
2019-08-12,嘉義,31.5,27.7,28.9
2019-08-13,嘉義,30.2,24.6,27.0
2019-08-14,嘉義,34.6,26.2,29.9
2019-08-15,嘉義,31.8,25.0,27.4
2019-08-16,嘉義,30.8,25.4,27.2
2019-08-17,嘉義,32.2,24.6,27.9
2019-08-18,嘉義,32.2,25.1,27.5
2019-08-19,嘉義,29.4,25.5,27.0
2019-08-20,嘉義,32.6,25.3,27.4
2019-08-21,嘉義,30.9,24.1,27.3
2019-08-22,嘉義,34.8,25.6,29.3
2019-08-23,嘉義,35.1,25.8,29.7
2019-08-24,嘉義,29.8,26.5,28.0
2019-08-25,嘉義,31.8,25.9,28.0
2019-08-26,嘉義,33.3,24.4,28.4
2019-08-27,嘉義,33.9,25.5,29.2
2019-08-28,嘉義,35.4,26.5,30.1
2019-08-29,嘉義,34.7,26.4,29.3
2019-08-30,嘉義,32.6,24.1,26.9
2019-08-31,嘉義,34.2,23.7,28.2
2019-09-01,嘉義,34.9,25.3,28.5
2019-09-02,嘉義,34.7,24.4,29.2
2019-09-03,嘉義,34.4,25.6,28.4
2019-09-04,嘉義,31.4,25.5,27.1
2019-09-05,嘉義,32.7,25.5,27.5
2019-09-06,嘉義,32.8,25.1,27.7
2019-09-07,嘉義,33.3,24.8,28.5
2019-09-08,嘉義,34.8,24.4,29.5
2019-09-09,嘉義,35.0,25.2,29.4
2019-09-10,嘉義,32.3,24.4,27.5
2019-09-11,嘉義,34.8,23.9,29.1
2019-09-12,嘉義,33.7,26.2,30.0
2019-09-13,嘉義,33.1,25.5,29.1
2019-09-14,嘉義,34.0,26.5,29.5
2019-09-15,嘉義,32.9,26.2,28.4
2019-09-16,嘉義,33.8,24.7,28.4
2019-09-17,嘉義,33.3,24.3,28.2
2019-09-18,嘉義,33.1,23.8,27.6
2019-09-19,嘉義,32.3,22.6,26.4
2019-09-20,嘉義,28.7,22.7,25.2
2019-09-21,嘉義,28.9,22.4,25.1
2019-09-22,嘉義,31.8,22.4,26.3
2019-09-23,嘉義,32.4,21.6,25.9
2019-09-24,嘉義,32.0,21.3,25.9
2019-09-25,嘉義,33.0,21.7,26.2
2019-09-26,嘉義,33.2,21.4,26.8
2019-09-27,嘉義,33.2,23.2,27.1
2019-09-28,嘉義,33.6,24.4,28.1
2019-09-29,嘉義,33.6,24.6,28.5
2019-09-30,嘉義,31.4,25.1,27.4
2019-10-01,嘉義,32.8,24.1,27.9
2019-10-02,嘉義,34.5,22.8,28.7
2019-10-03,嘉義,34.3,24.3,28.6
2019-10-04,嘉義,33.0,23.7,27.7
2019-10-05,嘉義,33.3,25.2,27.6
2019-10-06,嘉義,30.5,23.7,27.1
2019-10-07,嘉義,33.5,23.0,27.7
2019-10-08,嘉義,32.7,24.1,27.9
2019-10-09,嘉義,31.9,25.1,28.0
2019-10-10,嘉義,32.4,23.1,26.7
2019-10-11,嘉義,32.1,22.6,26.7
2019-10-12,嘉義,32.9,23.1,27.5
2019-10-13,嘉義,32.2,23.3,27.1
2019-10-14,嘉義,31.4,22.5,25.9
2019-10-15,嘉義,31.5,21.1,25.4
2019-10-16,嘉義,30.7,20.1,24.7
2019-10-17,嘉義,31.1,21.7,25.3
2019-10-18,嘉義,31.3,19.5,24.4
2019-10-19,嘉義,30.3,19.4,23.9
2019-10-20,嘉義,30.3,20.0,24.1
2019-10-21,嘉義,29.8,19.9,23.6
2019-10-22,嘉義,31.1,18.8,24.1
2019-10-23,嘉義,31.3,20.2,24.8
2019-10-24,嘉義,31.7,20.7,24.8
2019-10-25,嘉義,31.0,20.3,24.8
2019-10-26,嘉義,31.7,20.2,24.5
2019-10-27,嘉義,31.1,19.9,24.3
2019-10-28,嘉義,31.6,20.7,24.6
2019-10-29,嘉義,28.1,20.6,23.4
2019-10-30,嘉義,30.8,21.7,24.9
2019-10-31,嘉義,31.4,21.1,25.2
2019-11-01,嘉義,31.7,21.9,25.9
2019-11-02,嘉義,31.7,22.1,25.4
2019-11-03,嘉義,31.6,21.3,24.8
2019-11-04,嘉義,28.8,21.0,23.8
2019-11-05,嘉義,30.3,20.1,24.0
2019-11-06,嘉義,30.3,18.9,23.4
2019-11-07,嘉義,30.4,18.5,23.4
2019-11-08,嘉義,29.7,18.3,22.7
2019-11-09,嘉義,29.6,17.0,21.6
2019-11-10,嘉義,29.1,15.8,21.5
2019-11-11,嘉義,28.8,17.8,22.0
2019-11-12,嘉義,30.1,15.9,22.0
2019-11-13,嘉義,29.3,16.5,22.1
2019-11-14,嘉義,28.7,17.6,21.8
2019-11-15,嘉義,29.6,16.8,22.1
2019-11-16,嘉義,28.2,17.2,22.4
2019-11-17,嘉義,30.9,16.8,23.1
2019-11-18,嘉義,29.0,17.8,22.7
2019-11-19,嘉義,23.2,19.0,20.6
2019-11-20,嘉義,26.2,18.2,21.4
2019-11-21,嘉義,29.4,17.3,22.3
2019-11-22,嘉義,29.5,20.1,23.5
2019-11-23,嘉義,28.8,17.8,22.6
2019-11-24,嘉義,31.1,19.0,23.6
2019-11-25,嘉義,30.4,19.3,23.1
2019-11-26,嘉義,29.5,19.4,23.1
2019-11-27,嘉義,30.0,18.0,22.0
2019-11-28,嘉義,26.4,16.2,20.7
2019-11-29,嘉義,26.9,15.7,20.6
2019-11-30,嘉義,27.7,15.5,21.2
2019-12-01,嘉義,30.0,18.1,22.4
2019-12-02,嘉義,23.7,13.1,18.5
2019-12-03,嘉義,24.3,12.0,17.3
2019-12-04,嘉義,22.1,13.7,17.4
2019-12-05,嘉義,16.9,14.7,15.7
2019-12-06,嘉義,16.8,14.7,15.6
2019-12-07,嘉義,19.8,13.1,15.8
2019-12-08,嘉義,23.7,10.6,16.3
2019-12-09,嘉義,24.3,10.6,16.7
2019-12-10,嘉義,26.3,13.0,18.7
2019-12-11,嘉義,25.1,11.6,17.8
2019-12-12,嘉義,26.5,12.0,18.5
2019-12-13,嘉義,26.0,12.0,18.6
2019-12-14,嘉義,28.1,13.0,19.6
2019-12-15,嘉義,28.2,15.2,20.5
2019-12-16,嘉義,28.6,16.1,20.8
2019-12-17,嘉義,29.5,15.6,22.0
2019-12-18,嘉義,28.6,15.7,21.8
2019-12-19,嘉義,24.4,18.0,20.1
2019-12-20,嘉義,23.5,17.3,19.3
2019-12-21,嘉義,25.3,17.6,20.1
2019-12-22,嘉義,28.8,17.2,20.9
2019-12-23,嘉義,26.4,16.7,20.3
2019-12-24,嘉義,26.3,15.5,20.0
2018-12-24,臺中,25.0,17.5,20.1
2018-12-25,臺中,28.2,19.2,21.7
2018-12-26,臺中,27.0,20.0,22.0
2018-12-27,臺中,24.2,17.4,20.0
2018-12-28,臺中,23.3,15.5,18.2
2018-12-29,臺中,21.9,13.9,16.3
2018-12-30,臺中,23.8,14.4,17.8
2018-12-31,臺中,21.1,16.3,18.0
2019-01-01,臺中,23.6,15.0,18.8
2019-01-02,臺中,22.2,17.2,18.9
2019-01-03,臺中,22.5,17.5,19.3
2019-01-04,臺中,27.1,17.8,20.9
2019-01-05,臺中,27.2,18.7,22.2
2019-01-06,臺中,24.1,17.6,20.1
2019-01-07,臺中,27.0,17.6,20.7
2019-01-08,臺中,25.5,19.3,21.1
2019-01-09,臺中,27.0,18.6,20.9
2019-01-10,臺中,27.9,19.0,21.5
2019-01-11,臺中,29.0,19.4,22.6
2019-01-12,臺中,27.9,18.7,22.3
2019-01-13,臺中,26.1,18.1,20.6
2019-01-14,臺中,24.9,17.6,20.4
2019-01-15,臺中,26.4,18.0,20.4
2019-01-16,臺中,19.3,16.1,17.5
2019-01-17,臺中,20.3,14.7,16.3
2019-01-18,臺中,24.3,14.8,18.4
2019-01-19,臺中,23.6,15.0,19.6
2019-01-20,臺中,24.2,17.4,20.1
2019-01-21,臺中,21.1,14.7,16.6
2019-01-22,臺中,18.0,12.0,15.0
2019-01-23,臺中,23.8,11.1,16.4
2019-01-24,臺中,24.7,12.8,17.6
2019-01-25,臺中,25.5,12.7,17.8
2019-01-26,臺中,22.1,14.1,16.7
2019-01-27,臺中,22.8,13.8,16.8
2019-01-28,臺中,25.0,12.0,17.4
2019-01-29,臺中,25.8,12.5,18.3
2019-01-30,臺中,27.4,15.7,20.6
2019-01-31,臺中,31.0,17.4,22.4
2019-02-01,臺中,20.6,15.1,17.1
2019-02-02,臺中,26.8,14.3,18.8
2019-02-03,臺中,31.7,16.0,21.8
2019-02-04,臺中,26.4,17.8,21.3
2019-02-05,臺中,26.4,16.6,20.1
2019-02-06,臺中,28.9,17.1,21.6
2019-02-07,臺中,31.5,17.5,23.2
2019-02-08,臺中,25.2,17.1,19.9
2019-02-09,臺中,23.2,16.8,19.2
2019-02-10,臺中,25.0,15.7,19.0
2019-02-11,臺中,24.3,15.9,18.9
2019-02-12,臺中,26.9,15.4,20.4
2019-02-13,臺中,27.2,17.9,21.6
2019-02-14,臺中,29.2,18.6,21.8
2019-02-15,臺中,30.2,17.3,22.6
2019-02-16,臺中,28.7,17.7,21.2
2019-02-17,臺中,24.9,16.4,19.3
2019-02-18,臺中,27.9,16.7,20.7
2019-02-19,臺中,29.4,16.5,22.6
2019-02-20,臺中,29.8,20.0,23.3
2019-02-21,臺中,27.5,18.9,22.1
2019-02-22,臺中,25.7,17.2,20.3
2019-02-23,臺中,21.9,15.6,17.4
2019-02-24,臺中,18.7,15.1,16.5
2019-02-25,臺中,26.6,15.1,19.8
2019-02-26,臺中,27.2,16.6,20.3
2019-02-27,臺中,27.6,18.2,21.8
2019-02-28,臺中,27.3,19.3,22.2
2019-03-01,臺中,28.4,17.8,21.3
2019-03-02,臺中,28.2,18.9,22.9
2019-03-03,臺中,26.5,17.5,20.2
2019-03-04,臺中,27.3,16.0,20.8
2019-03-05,臺中,26.9,16.4,20.7
2019-03-06,臺中,25.6,17.3,19.9
2019-03-07,臺中,18.1,12.8,14.7
2019-03-08,臺中,19.7,12.3,15.4
2019-03-09,臺中,20.7,16.2,18.4
2019-03-10,臺中,23.8,16.9,19.1
2019-03-11,臺中,21.3,16.0,18.3
2019-03-12,臺中,26.8,15.7,20.7
2019-03-13,臺中,27.9,18.1,21.9
2019-03-14,臺中,27.4,17.3,21.2
2019-03-15,臺中,21.1,16.3,18.4
2019-03-16,臺中,25.1,17.3,20.9
2019-03-17,臺中,24.9,19.0,21.2
2019-03-18,臺中,28.1,18.1,21.6
2019-03-19,臺中,30.0,18.5,23.5
2019-03-20,臺中,29.2,20.0,24.7
2019-03-21,臺中,32.3,21.0,25.9
2019-03-22,臺中,29.1,19.6,23.8
2019-03-23,臺中,22.2,16.5,18.4
2019-03-24,臺中,19.7,15.0,17.5
2019-03-25,臺中,21.8,18.0,19.5
2019-03-26,臺中,28.9,16.1,21.5
2019-03-27,臺中,29.6,19.0,23.7
2019-03-28,臺中,31.2,20.2,25.4
2019-03-29,臺中,29.7,19.2,24.6
2019-03-30,臺中,28.8,19.1,23.4
2019-03-31,臺中,29.4,18.5,23.1
2019-04-01,臺中,19.6,16.7,18.0
2019-04-02,臺中,25.7,17.1,20.7
2019-04-03,臺中,26.5,19.4,21.4
2019-04-04,臺中,27.7,18.6,22.1
2019-04-05,臺中,28.5,20.1,23.2
2019-04-06,臺中,29.3,19.8,24.0
2019-04-07,臺中,29.6,20.3,25.0
2019-04-08,臺中,31.5,21.1,25.8
2019-04-09,臺中,32.2,21.9,26.7
2019-04-10,臺中,31.6,23.3,27.0
2019-04-11,臺中,31.0,19.4,24.1
2019-04-12,臺中,27.1,19.0,22.2
2019-04-13,臺中,28.3,19.7,22.5
2019-04-14,臺中,30.5,21.1,24.7
2019-04-15,臺中,24.0,20.3,21.8
2019-04-16,臺中,21.8,19.1,20.5
2019-04-17,臺中,29.9,20.3,24.2
2019-04-18,臺中,30.6,22.2,25.5
2019-04-19,臺中,27.6,20.4,23.4
2019-04-20,臺中,29.7,21.5,25.1
2019-04-21,臺中,30.0,21.1,24.4
2019-04-22,臺中,32.1,22.2,26.9
2019-04-23,臺中,32.8,24.1,28.1
2019-04-24,臺中,33.1,23.9,27.9
2019-04-25,臺中,33.2,24.6,28.1
2019-04-26,臺中,33.3,22.6,27.4
2019-04-27,臺中,32.8,24.0,27.2
2019-04-28,臺中,31.9,23.8,26.8
2019-04-29,臺中,32.8,24.0,27.7
2019-04-30,臺中,32.5,24.7,27.8
2019-05-01,臺中,27.6,21.3,23.1
2019-05-02,臺中,22.9,19.6,21.0
2019-05-03,臺中,27.1,18.9,22.7
2019-05-04,臺中,29.9,22.4,25.1
2019-05-05,臺中,28.9,21.4,24.4
2019-05-06,臺中,23.4,19.5,21.3
2019-05-07,臺中,22.9,19.0,20.4
2019-05-08,臺中,27.0,19.8,22.4
2019-05-09,臺中,26.8,21.5,23.6
2019-05-10,臺中,31.0,21.6,25.2
2019-05-11,臺中,31.9,22.6,26.6
2019-05-12,臺中,33.0,24.0,27.7
2019-05-13,臺中,32.9,24.6,28.2
2019-05-14,臺中,33.2,24.3,28.4
2019-05-15,臺中,33.7,25.6,28.8
2019-05-16,臺中,30.4,25.3,27.0
2019-05-17,臺中,29.2,25.1,26.8
2019-05-18,臺中,29.3,24.3,26.7
2019-05-19,臺中,31.5,25.4,26.8
2019-05-20,臺中,29.7,22.5,24.8
2019-05-21,臺中,25.7,22.1,23.7
2019-05-22,臺中,29.1,21.5,24.7
2019-05-23,臺中,27.5,20.9,23.4
2019-05-24,臺中,31.1,23.5,26.9
2019-05-25,臺中,31.8,24.5,27.5
2019-05-26,臺中,31.6,23.5,27.9
2019-05-27,臺中,32.1,25.2,27.3
2019-05-28,臺中,29.2,23.7,25.8
2019-05-29,臺中,29.4,22.0,24.7
2019-05-30,臺中,32.4,21.7,26.8
2019-05-31,臺中,32.8,24.5,28.6
2019-06-01,臺中,32.4,24.6,28.0
2019-06-02,臺中,33.2,24.7,28.8
2019-06-03,臺中,31.6,25.9,28.6
2019-06-04,臺中,30.3,23.6,25.9
2019-06-05,臺中,34.2,22.8,28.0
2019-06-06,臺中,34.6,24.9,29.1
2019-06-07,臺中,35.0,25.2,29.1
2019-06-08,臺中,34.6,25.5,29.1
2019-06-09,臺中,34.5,27.0,29.9
2019-06-10,臺中,31.4,25.1,27.4
2019-06-11,臺中,27.3,24.2,25.4
2019-06-12,臺中,25.3,23.5,24.3
2019-06-13,臺中,31.4,24.3,26.6
2019-06-14,臺中,31.1,23.7,25.9
2019-06-15,臺中,33.5,23.7,27.9
2019-06-16,臺中,34.6,23.7,27.6
2019-06-17,臺中,34.3,24.3,27.6
2019-06-18,臺中,35.3,24.9,29.2
2019-06-19,臺中,34.6,26.7,30.3
2019-06-20,臺中,34.0,27.1,30.0
2019-06-21,臺中,34.5,26.2,30.2
2019-06-22,臺中,33.5,27.8,30.5
2019-06-23,臺中,31.0,24.2,27.4
2019-06-24,臺中,26.6,22.5,24.9
2019-06-25,臺中,34.0,23.5,27.6
2019-06-26,臺中,32.1,24.3,27.8
2019-06-27,臺中,32.6,26.2,28.7
2019-06-28,臺中,35.6,25.9,30.1
2019-06-29,臺中,34.5,27.4,30.2
2019-06-30,臺中,34.6,25.7,28.7
2019-07-01,臺中,34.4,25.2,29.6
2019-07-02,臺中,33.5,28.0,30.0
2019-07-03,臺中,30.9,25.5,27.7
2019-07-04,臺中,34.8,26.5,29.3
2019-07-05,臺中,32.8,25.9,29.0
2019-07-06,臺中,29.6,26.0,27.6
2019-07-07,臺中,34.8,25.8,30.0
2019-07-08,臺中,35.4,26.6,30.3
2019-07-09,臺中,32.3,26.5,29.1
2019-07-10,臺中,32.8,25.5,28.8
2019-07-11,臺中,32.2,25.2,27.9
2019-07-12,臺中,35.6,26.4,29.9
2019-07-13,臺中,34.7,26.6,30.2
2019-07-14,臺中,34.1,26.8,30.2
2019-07-15,臺中,35.6,27.2,30.7
2019-07-16,臺中,34.4,28.3,30.7
2019-07-17,臺中,36.6,26.5,31.8
2019-07-18,臺中,32.3,26.5,28.8
2019-07-19,臺中,32.9,25.6,28.9
2019-07-20,臺中,32.9,25.6,28.9
2019-07-21,臺中,33.8,26.1,29.2
2019-07-22,臺中,33.9,26.0,29.0
2019-07-23,臺中,34.3,24.8,27.9
2019-07-24,臺中,33.7,24.5,28.9
2019-07-25,臺中,33.8,25.9,29.7
2019-07-26,臺中,35.5,27.0,30.0
2019-07-27,臺中,35.1,23.1,27.6
2019-07-28,臺中,34.5,23.3,28.3
2019-07-29,臺中,35.1,25.2,29.9
2019-07-30,臺中,35.7,26.4,30.5
2019-07-31,臺中,34.9,25.6,29.8
2019-08-01,臺中,33.0,25.1,28.3
2019-08-02,臺中,31.9,24.5,27.3
2019-08-03,臺中,33.3,23.8,28.6
2019-08-04,臺中,35.0,26.1,29.7
2019-08-05,臺中,34.8,26.5,29.8
2019-08-06,臺中,34.6,27.7,30.0
2019-08-07,臺中,35.2,26.1,30.4
2019-08-08,臺中,34.7,26.2,29.1
2019-08-09,臺中,31.0,25.5,27.4
2019-08-10,臺中,32.6,27.2,29.8
2019-08-11,臺中,31.0,26.6,28.7
2019-08-12,臺中,28.6,24.7,26.5
2019-08-13,臺中,30.6,24.5,26.9
2019-08-14,臺中,34.3,25.4,29.3
2019-08-15,臺中,30.4,25.0,26.7
2019-08-16,臺中,31.2,24.1,27.1
2019-08-17,臺中,31.4,24.2,26.2
2019-08-18,臺中,30.7,24.8,26.4
2019-08-19,臺中,30.6,24.2,25.9
2019-08-20,臺中,32.0,24.3,26.5
2019-08-21,臺中,32.8,24.4,27.2
2019-08-22,臺中,34.6,24.8,28.6
2019-08-23,臺中,34.3,26.3,29.9
2019-08-24,臺中,33.1,26.9,28.9
2019-08-25,臺中,34.8,25.9,28.5
2019-08-26,臺中,34.9,25.3,28.6
2019-08-27,臺中,33.8,25.4,28.8
2019-08-28,臺中,36.0,25.7,30.4
2019-08-29,臺中,33.4,27.2,29.9
2019-08-30,臺中,32.5,26.5,28.3
2019-08-31,臺中,34.3,24.7,29.4
2019-09-01,臺中,35.2,24.3,28.0
2019-09-02,臺中,35.6,23.7,28.9
2019-09-03,臺中,34.0,26.1,29.2
2019-09-04,臺中,30.9,24.6,26.6
2019-09-05,臺中,33.4,23.7,26.5
2019-09-06,臺中,33.4,24.5,27.9
2019-09-07,臺中,32.6,25.0,28.3
2019-09-08,臺中,33.5,24.1,28.4
2019-09-09,臺中,33.5,25.3,28.8
2019-09-10,臺中,34.0,26.7,29.2
2019-09-11,臺中,34.0,25.9,29.3
2019-09-12,臺中,33.7,26.1,29.6
2019-09-13,臺中,32.6,26.4,29.2
2019-09-14,臺中,34.0,26.6,29.5
2019-09-15,臺中,33.1,25.4,28.4
2019-09-16,臺中,31.4,25.6,28.1
2019-09-17,臺中,33.2,24.8,28.1
2019-09-18,臺中,33.6,24.4,28.2
2019-09-19,臺中,31.9,24.8,27.1
2019-09-20,臺中,28.2,23.1,25.7
2019-09-21,臺中,27.9,22.9,24.6
2019-09-22,臺中,30.8,23.2,26.2
2019-09-23,臺中,31.6,23.5,26.5
2019-09-24,臺中,31.3,21.8,26.1
2019-09-25,臺中,31.7,22.2,26.2
2019-09-26,臺中,31.4,22.2,26.6
2019-09-27,臺中,32.2,24.1,27.6
2019-09-28,臺中,32.7,24.8,28.0
2019-09-29,臺中,32.3,24.4,27.9
2019-09-30,臺中,31.3,23.9,27.0
2019-10-01,臺中,31.5,23.6,26.5
2019-10-02,臺中,33.6,23.3,28.1
2019-10-03,臺中,33.5,24.8,28.4
2019-10-04,臺中,31.8,25.0,27.7
2019-10-05,臺中,32.0,25.1,27.8
2019-10-06,臺中,32.0,25.8,28.3
2019-10-07,臺中,31.6,25.6,28.0
2019-10-08,臺中,31.7,24.2,27.7
2019-10-09,臺中,31.8,25.3,27.9
2019-10-10,臺中,32.7,24.1,27.1
2019-10-11,臺中,31.3,23.7,27.2
2019-10-12,臺中,31.0,24.6,27.4
2019-10-13,臺中,32.3,24.4,27.3
2019-10-14,臺中,31.4,23.8,26.1
2019-10-15,臺中,30.6,22.1,25.5
2019-10-16,臺中,30.5,21.2,25.0
2019-10-17,臺中,30.6,21.6,25.4
2019-10-18,臺中,30.7,20.8,25.1
2019-10-19,臺中,29.7,21.3,24.4
2019-10-20,臺中,29.4,21.6,24.3
2019-10-21,臺中,29.3,21.1,24.4
2019-10-22,臺中,30.7,20.4,24.7
2019-10-23,臺中,30.9,21.0,25.0
2019-10-24,臺中,31.1,21.3,25.3
2019-10-25,臺中,30.9,21.4,25.2
2019-10-26,臺中,30.2,21.0,24.9
2019-10-27,臺中,31.2,20.9,24.7
2019-10-28,臺中,30.1,21.5,24.6
2019-10-29,臺中,26.8,21.6,23.6
2019-10-30,臺中,30.4,22.0,25.2
2019-10-31,臺中,30.3,21.8,25.3
2019-11-01,臺中,30.8,23.1,26.0
2019-11-02,臺中,30.9,22.0,25.3
2019-11-03,臺中,30.1,21.7,24.7
2019-11-04,臺中,27.5,21.9,23.8
2019-11-05,臺中,29.0,21.3,24.0
2019-11-06,臺中,30.0,20.5,24.0
2019-11-07,臺中,30.3,19.5,23.7
2019-11-08,臺中,29.0,20.0,23.4
2019-11-09,臺中,28.1,18.0,22.3
2019-11-10,臺中,28.7,17.1,21.9
2019-11-11,臺中,28.2,18.3,22.3
2019-11-12,臺中,29.6,17.5,22.7
2019-11-13,臺中,28.8,18.1,22.8
2019-11-14,臺中,26.5,19.3,22.0
2019-11-15,臺中,29.2,17.4,22.5
2019-11-16,臺中,28.2,17.9,22.5
2019-11-17,臺中,31.0,18.5,23.7
2019-11-18,臺中,30.2,18.2,23.0
2019-11-19,臺中,23.0,19.5,20.6
2019-11-20,臺中,27.1,18.9,21.7
2019-11-21,臺中,28.4,17.2,21.9
2019-11-22,臺中,29.9,21.1,24.4
2019-11-23,臺中,29.2,19.7,23.3
2019-11-24,臺中,31.1,20.9,24.5
2019-11-25,臺中,30.3,20.5,23.7
2019-11-26,臺中,29.0,19.9,23.3
2019-11-27,臺中,30.8,19.1,22.8
2019-11-28,臺中,24.7,17.7,20.4
2019-11-29,臺中,26.3,17.9,20.9
2019-11-30,臺中,27.2,16.5,21.4
2019-12-01,臺中,29.5,19.6,22.5
2019-12-02,臺中,22.0,14.0,18.3
2019-12-03,臺中,22.9,13.9,17.6
2019-12-04,臺中,22.7,14.8,18.2
2019-12-05,臺中,16.1,14.8,15.4
2019-12-06,臺中,16.5,14.7,15.5
2019-12-07,臺中,19.9,13.5,16.0
2019-12-08,臺中,23.4,13.0,17.2
2019-12-09,臺中,23.3,12.0,16.7
2019-12-10,臺中,25.7,14.1,18.5
2019-12-11,臺中,25.1,13.2,18.7
2019-12-12,臺中,26.0,13.7,19.0
2019-12-13,臺中,24.5,14.2,18.8
2019-12-14,臺中,27.4,14.1,20.0
2019-12-15,臺中,27.6,16.4,20.6
2019-12-16,臺中,27.7,15.9,20.7
2019-12-17,臺中,29.3,16.4,22.2
2019-12-18,臺中,27.5,18.1,21.5
2019-12-19,臺中,25.8,17.0,20.2
2019-12-20,臺中,25.5,17.5,20.2
2019-12-21,臺中,25.7,18.3,20.5
2019-12-22,臺中,28.3,17.7,20.9
2019-12-23,臺中,25.2,16.6,20.4
2019-12-24,臺中,26.0,16.7,20.4
2018-12-24,阿里山,14.8,6.7,10.3
2018-12-25,阿里山,16.4,9.9,11.9
2018-12-26,阿里山,14.9,9.0,11.4
2018-12-27,阿里山,15.3,6.2,10.0
2018-12-28,阿里山,11.0,4.7,6.8
2018-12-29,阿里山,10.7,2.5,5.5
2018-12-30,阿里山,13.6,4.6,8.2
2018-12-31,阿里山,8.8,4.7,7.1
2019-01-01,阿里山,10.7,4.8,7.7
2019-01-02,阿里山,9.9,7.1,8.0
2019-01-03,阿里山,12.7,7.3,9.6
2019-01-04,阿里山,15.6,6.6,11.0
2019-01-05,阿里山,14.7,7.6,10.8
2019-01-06,阿里山,15.1,6.9,9.9
2019-01-07,阿里山,13.2,5.7,9.2
2019-01-08,阿里山,14.2,6.0,9.4
2019-01-09,阿里山,12.9,5.3,9.2
2019-01-10,阿里山,14.4,7.1,9.6
2019-01-11,阿里山,15.3,6.6,9.9
2019-01-12,阿里山,14.2,5.9,9.4
2019-01-13,阿里山,12.9,5.3,8.2
2019-01-14,阿里山,12.9,5.1,8.1
2019-01-15,阿里山,11.5,6.7,8.4
2019-01-16,阿里山,13.0,7.5,8.9
2019-01-17,阿里山,9.7,2.2,6.5
2019-01-18,阿里山,11.4,1.3,6.0
2019-01-19,阿里山,10.8,6.2,8.3
2019-01-20,阿里山,9.6,6.0,7.5
2019-01-21,阿里山,7.3,1.7,5.1
2019-01-22,阿里山,10.4,1.0,4.2
2019-01-23,阿里山,8.8,1.4,4.6
2019-01-24,阿里山,9.5,,3.7
2019-01-25,阿里山,8.9,,3.2
2019-01-26,阿里山,8.8,0.9,4.2
2019-01-27,阿里山,8.4,2.6,4.9
2019-01-28,阿里山,7.9,0.5,3.6
2019-01-29,阿里山,10.9,1.1,5.0
2019-01-30,阿里山,12.5,1.8,7.1
2019-01-31,阿里山,13.2,3.7,8.5
2019-02-01,阿里山,9.7,4.5,7.1
2019-02-02,阿里山,11.7,3.8,7.1
2019-02-03,阿里山,13.6,4.7,9.2
2019-02-04,阿里山,13.1,5.6,9.0
2019-02-05,阿里山,9.9,3.4,7.6
2019-02-06,阿里山,13.3,2.0,7.4
2019-02-07,阿里山,13.3,2.4,8.4
2019-02-08,阿里山,14.0,3.5,7.7
2019-02-09,阿里山,10.8,3.8,7.2
2019-02-10,阿里山,11.3,4.6,7.6
2019-02-11,阿里山,14.3,4.7,8.5
2019-02-12,阿里山,14.9,5.0,8.4
2019-02-13,阿里山,12.2,4.3,8.4
2019-02-14,阿里山,14.9,4.8,8.8
2019-02-15,阿里山,14.1,3.5,8.1
2019-02-16,阿里山,11.7,3.9,7.2
2019-02-17,阿里山,13.1,4.7,7.9
2019-02-18,阿里山,12.3,5.8,8.2
2019-02-19,阿里山,10.6,6.3,8.3
2019-02-20,阿里山,15.5,6.3,9.6
2019-02-21,阿里山,14.4,4.7,8.6
2019-02-22,阿里山,14.2,6.0,9.4
2019-02-23,阿里山,12.7,5.9,8.2
2019-02-24,阿里山,9.4,6.6,7.7
2019-02-25,阿里山,13.2,4.3,7.5
2019-02-26,阿里山,12.1,4.4,8.0
2019-02-27,阿里山,13.9,5.0,8.8
2019-02-28,阿里山,14.2,6.2,9.5
2019-03-01,阿里山,15.6,6.0,9.7
2019-03-02,阿里山,16.4,6.4,10.8
2019-03-03,阿里山,11.6,4.2,8.2
2019-03-04,阿里山,13.2,3.3,7.8
2019-03-05,阿里山,13.1,5.0,8.5
2019-03-06,阿里山,11.8,6.9,9.3
2019-03-07,阿里山,9.4,5.6,7.9
2019-03-08,阿里山,8.7,5.2,7.2
2019-03-09,阿里山,10.4,7.5,9.1
2019-03-10,阿里山,13.3,5.3,7.6
2019-03-11,阿里山,6.8,4.5,5.9
2019-03-12,阿里山,12.1,1.5,5.7
2019-03-13,阿里山,8.0,2.8,5.0
2019-03-14,阿里山,11.1,3.4,7.5
2019-03-15,阿里山,8.7,6.4,7.3
2019-03-16,阿里山,9.4,6.6,7.4
2019-03-17,阿里山,13.3,5.8,8.0
2019-03-18,阿里山,12.9,5.2,8.5
2019-03-19,阿里山,16.3,6.4,10.3
2019-03-20,阿里山,17.2,7.7,12.6
2019-03-21,阿里山,17.8,6.5,11.8
2019-03-22,阿里山,14.4,4.9,9.5
2019-03-23,阿里山,11.1,7.0,9.1
2019-03-24,阿里山,8.9,6.9,8.0
2019-03-25,阿里山,10.2,4.1,7.7
2019-03-26,阿里山,16.0,3.1,9.2
2019-03-27,阿里山,16.2,5.6,11.1
2019-03-28,阿里山,17.2,7.2,12.1
2019-03-29,阿里山,17.5,7.8,12.3
2019-03-30,阿里山,14.0,6.8,9.9
2019-03-31,阿里山,13.4,6.7,9.4
2019-04-01,阿里山,9.1,6.1,8.1
2019-04-02,阿里山,11.5,5.9,8.4
2019-04-03,阿里山,13.2,6.2,9.4
2019-04-04,阿里山,16.4,8.0,11.2
2019-04-05,阿里山,15.1,7.2,10.8
2019-04-06,阿里山,15.9,6.5,10.1
2019-04-07,阿里山,17.8,6.3,11.5
2019-04-08,阿里山,17.7,8.9,12.8
2019-04-09,阿里山,19.9,9.3,14.0
2019-04-10,阿里山,19.3,9.6,13.8
2019-04-11,阿里山,18.1,9.8,12.8
2019-04-12,阿里山,16.5,9.6,12.2
2019-04-13,阿里山,14.9,8.5,10.8
2019-04-14,阿里山,16.1,8.2,11.2
2019-04-15,阿里山,13.2,8.7,10.7
2019-04-16,阿里山,12.3,8.2,10.1
2019-04-17,阿里山,15.1,5.9,10.8
2019-04-18,阿里山,18.0,6.4,12.1
2019-04-19,阿里山,13.7,8.8,10.7
2019-04-20,阿里山,14.0,9.0,11.1
2019-04-21,阿里山,14.8,9.4,11.6
2019-04-22,阿里山,17.1,9.6,13.1
2019-04-23,阿里山,18.7,9.5,13.5
2019-04-24,阿里山,20.3,10.6,15.3
2019-04-25,阿里山,20.6,10.2,15.0
2019-04-26,阿里山,17.0,9.3,13.0
2019-04-27,阿里山,16.9,8.0,12.1
2019-04-28,阿里山,19.0,9.4,12.2
2019-04-29,阿里山,17.2,8.2,12.4
2019-04-30,阿里山,17.1,9.6,13.0
2019-05-01,阿里山,11.8,9.8,11.2
2019-05-02,阿里山,12.4,10.1,11.1
2019-05-03,阿里山,12.9,10.3,11.1
2019-05-04,阿里山,11.0,9.0,10.1
2019-05-05,阿里山,13.7,8.1,10.9
2019-05-06,阿里山,12.7,10.5,11.7
2019-05-07,阿里山,13.8,11.1,12.1
2019-05-08,阿里山,13.3,10.2,11.6
2019-05-09,阿里山,14.5,10.9,12.5
2019-05-10,阿里山,19.3,10.6,13.1
2019-05-11,阿里山,17.6,9.8,13.2
2019-05-12,阿里山,17.6,9.4,12.9
2019-05-13,阿里山,18.6,9.5,13.6
2019-05-14,阿里山,19.5,9.7,13.9
2019-05-15,阿里山,17.2,11.5,13.6
2019-05-16,阿里山,14.3,10.6,12.9
2019-05-17,阿里山,13.6,12.2,12.8
2019-05-18,阿里山,14.1,12.4,13.4
2019-05-19,阿里山,15.3,11.1,13.1
2019-05-20,阿里山,17.9,10.7,13.0
2019-05-21,阿里山,16.0,12.5,13.5
2019-05-22,阿里山,18.1,11.1,13.0
2019-05-23,阿里山,13.6,11.0,12.3
2019-05-24,阿里山,16.5,10.7,12.5
2019-05-25,阿里山,14.3,9.8,12.2
2019-05-26,阿里山,17.4,10.3,13.3
2019-05-27,阿里山,16.5,11.3,12.7
2019-05-28,阿里山,15.8,11.0,12.8
2019-05-29,阿里山,14.8,11.2,12.8
2019-05-30,阿里山,18.7,10.8,12.9
2019-05-31,阿里山,18.1,10.5,13.2
2019-06-01,阿里山,16.4,12.0,13.2
2019-06-02,阿里山,15.4,11.5,12.8
2019-06-03,阿里山,15.7,11.0,12.7
2019-06-04,阿里山,15.0,11.7,12.5
2019-06-05,阿里山,19.2,11.0,14.0
2019-06-06,阿里山,20.4,10.9,14.8
2019-06-07,阿里山,19.2,12.4,15.0
2019-06-08,阿里山,17.1,10.5,14.0
2019-06-09,阿里山,16.6,10.6,12.9
2019-06-10,阿里山,13.5,11.6,12.4
2019-06-11,阿里山,14.3,11.8,13.0
2019-06-12,阿里山,14.6,11.8,13.5
2019-06-13,阿里山,14.2,12.9,13.5
2019-06-14,阿里山,15.4,10.3,13.4
2019-06-15,阿里山,18.2,9.4,12.8
2019-06-16,阿里山,20.0,10.7,14.4
2019-06-17,阿里山,20.1,10.7,14.2
2019-06-18,阿里山,18.3,12.4,14.4
2019-06-19,阿里山,19.9,11.1,15.0
2019-06-20,阿里山,18.6,10.3,14.5
2019-06-21,阿里山,18.8,10.4,14.0
2019-06-22,阿里山,18.1,11.0,14.6
2019-06-23,阿里山,15.6,11.5,13.0
2019-06-24,阿里山,14.1,10.9,12.7
2019-06-25,阿里山,16.7,11.7,13.4
2019-06-26,阿里山,16.9,11.4,13.5
2019-06-27,阿里山,17.5,12.6,14.3
2019-06-28,阿里山,19.5,11.7,15.1
2019-06-29,阿里山,18.3,12.9,15.3
2019-06-30,阿里山,19.0,12.6,15.2
2019-07-01,阿里山,20.3,11.9,15.8
2019-07-02,阿里山,18.5,13.0,14.9
2019-07-03,阿里山,15.2,12.2,13.4
2019-07-04,阿里山,17.2,12.6,13.7
2019-07-05,阿里山,15.3,11.2,13.1
2019-07-06,阿里山,15.4,11.3,13.2
2019-07-07,阿里山,17.8,12.3,13.9
2019-07-08,阿里山,16.7,12.0,13.5
2019-07-09,阿里山,14.3,11.2,12.9
2019-07-10,阿里山,15.5,11.4,13.4
2019-07-11,阿里山,16.8,12.1,13.6
2019-07-12,阿里山,18.9,11.9,14.6
2019-07-13,阿里山,18.9,11.7,14.3
2019-07-14,阿里山,18.8,10.8,14.7
2019-07-15,阿里山,21.2,10.6,15.4
2019-07-16,阿里山,21.0,10.7,15.6
2019-07-17,阿里山,23.9,12.2,17.6
2019-07-18,阿里山,17.3,13.6,15.2
2019-07-19,阿里山,17.6,12.3,14.4
2019-07-20,阿里山,16.9,11.8,13.9
2019-07-21,阿里山,17.4,10.7,13.7
2019-07-22,阿里山,17.1,10.6,13.2
2019-07-23,阿里山,17.8,11.2,14.2
2019-07-24,阿里山,18.2,11.1,14.8
2019-07-25,阿里山,19.9,10.7,14.5
2019-07-26,阿里山,17.2,11.7,14.0
2019-07-27,阿里山,16.8,11.2,13.2
2019-07-28,阿里山,17.5,11.3,13.9
2019-07-29,阿里山,20.5,11.3,14.7
2019-07-30,阿里山,20.0,10.6,14.4
2019-07-31,阿里山,19.8,9.9,14.5
2019-08-01,阿里山,19.4,12.1,14.4
2019-08-02,阿里山,20.8,12.1,15.1
2019-08-03,阿里山,20.1,10.7,14.1
2019-08-04,阿里山,21.7,11.3,14.5
2019-08-05,阿里山,20.2,12.1,14.9
2019-08-06,阿里山,18.5,12.2,14.7
2019-08-07,阿里山,19.8,9.7,14.6
2019-08-08,阿里山,19.5,13.4,15.4
2019-08-09,阿里山,16.1,14.2,14.9
2019-08-10,阿里山,16.1,13.7,14.7
2019-08-11,阿里山,15.7,12.4,14.3
2019-08-12,阿里山,18.9,12.3,14.5
2019-08-13,阿里山,18.9,12.0,14.4
2019-08-14,阿里山,18.2,12.4,14.5
2019-08-15,阿里山,14.7,12.5,13.6
2019-08-16,阿里山,16.0,12.3,13.4
2019-08-17,阿里山,16.9,11.5,13.7
2019-08-18,阿里山,18.7,11.2,13.5
2019-08-19,阿里山,17.3,12.2,13.6
2019-08-20,阿里山,16.1,11.8,13.5
2019-08-21,阿里山,18.4,12.7,14.4
2019-08-22,阿里山,18.8,11.8,14.7
2019-08-23,阿里山,21.1,10.7,15.5
2019-08-24,阿里山,16.8,13.4,14.6
2019-08-25,阿里山,18.0,11.8,14.4
2019-08-26,阿里山,18.8,11.1,14.3
2019-08-27,阿里山,22.0,9.4,14.7
2019-08-28,阿里山,24.3,11.3,17.0
2019-08-29,阿里山,20.1,12.2,15.0
2019-08-30,阿里山,17.8,11.5,13.5
2019-08-31,阿里山,18.1,10.7,13.8
2019-09-01,阿里山,19.5,11.1,13.9
2019-09-02,阿里山,18.3,11.1,14.1
2019-09-03,阿里山,18.3,11.0,13.8
2019-09-04,阿里山,15.1,11.2,13.3
2019-09-05,阿里山,15.4,11.6,13.5
2019-09-06,阿里山,18.0,11.8,13.5
2019-09-07,阿里山,17.8,11.4,13.6
2019-09-08,阿里山,16.6,10.2,13.0
2019-09-09,阿里山,18.4,7.6,12.8
2019-09-10,阿里山,17.6,11.7,13.6
2019-09-11,阿里山,18.3,10.9,14.1
2019-09-12,阿里山,20.9,9.8,14.4
2019-09-13,阿里山,20.8,10.3,14.3
2019-09-14,阿里山,19.4,11.3,14.1
2019-09-15,阿里山,17.7,11.8,13.5
2019-09-16,阿里山,16.6,11.5,13.7
2019-09-17,阿里山,20.6,9.2,13.4
2019-09-18,阿里山,19.3,10.4,13.8
2019-09-19,阿里山,15.8,9.9,12.8
2019-09-20,阿里山,16.1,10.9,12.6
2019-09-21,阿里山,18.5,11.7,14.3
2019-09-22,阿里山,15.9,10.9,12.9
2019-09-23,阿里山,17.8,10.0,12.5
2019-09-24,阿里山,15.5,9.0,11.6
2019-09-25,阿里山,17.1,9.0,11.7
2019-09-26,阿里山,16.9,9.0,12.1
2019-09-27,阿里山,18.3,8.7,12.8
2019-09-28,阿里山,17.4,10.5,13.0
2019-09-29,阿里山,19.6,10.4,13.9
2019-09-30,阿里山,14.8,11.0,12.9
2019-10-01,阿里山,15.9,8.6,12.2
2019-10-02,阿里山,17.1,9.2,12.2
2019-10-03,阿里山,16.5,9.0,11.8
2019-10-04,阿里山,14.6,9.5,11.7
2019-10-05,阿里山,18.7,8.4,11.9
2019-10-06,阿里山,17.2,9.1,12.7
2019-10-07,阿里山,16.6,9.1,12.3
2019-10-08,阿里山,18.6,9.5,12.9
2019-10-09,阿里山,16.5,8.0,12.0
2019-10-10,阿里山,16.5,9.1,12.3
2019-10-11,阿里山,16.9,9.3,12.1
2019-10-12,阿里山,16.9,8.8,12.1
2019-10-13,阿里山,17.2,9.2,12.1
2019-10-14,阿里山,16.9,8.0,12.2
2019-10-15,阿里山,15.7,9.6,12.0
2019-10-16,阿里山,16.0,8.6,11.3
2019-10-17,阿里山,16.1,7.9,11.2
2019-10-18,阿里山,17.9,6.6,11.9
2019-10-19,阿里山,16.9,7.7,11.6
2019-10-20,阿里山,14.9,6.4,10.4
2019-10-21,阿里山,14.6,6.0,9.4
2019-10-22,阿里山,15.0,5.9,9.5
2019-10-23,阿里山,15.4,7.4,10.8
2019-10-24,阿里山,15.2,7.0,10.7
2019-10-25,阿里山,14.4,8.7,10.6
2019-10-26,阿里山,16.1,7.7,10.4
2019-10-27,阿里山,16.1,7.8,10.8
2019-10-28,阿里山,18.3,8.0,11.4
2019-10-29,阿里山,15.6,9.4,12.4
2019-10-30,阿里山,17.3,9.4,11.8
2019-10-31,阿里山,16.7,9.6,12.0
2019-11-01,阿里山,19.7,9.1,12.0
2019-11-02,阿里山,18.9,9.3,12.8
2019-11-03,阿里山,18.1,8.9,12.7
2019-11-04,阿里山,15.5,10.5,12.3
2019-11-05,阿里山,15.5,7.2,10.8
2019-11-06,阿里山,15.2,6.8,10.0
2019-11-07,阿里山,16.0,6.3,9.8
2019-11-08,阿里山,14.1,2.9,8.0
2019-11-09,阿里山,15.0,2.8,8.6
2019-11-10,阿里山,15.9,5.7,9.4
2019-11-11,阿里山,15.7,5.1,9.1
2019-11-12,阿里山,17.5,6.9,11.4
2019-11-13,阿里山,18.9,8.8,12.7
2019-11-14,阿里山,18.4,8.8,12.7
2019-11-15,阿里山,17.1,7.3,10.6
2019-11-16,阿里山,16.6,6.6,10.3
2019-11-17,阿里山,17.2,5.7,10.5
2019-11-18,阿里山,16.4,7.7,11.4
2019-11-19,阿里山,16.1,9.0,12.1
2019-11-20,阿里山,15.0,8.3,11.2
2019-11-21,阿里山,16.8,7.8,10.7
2019-11-22,阿里山,17.1,8.5,11.2
2019-11-23,阿里山,17.0,7.5,12.4
2019-11-24,阿里山,18.5,9.7,13.2
2019-11-25,阿里山,16.4,9.1,11.9
2019-11-26,阿里山,13.8,8.2,10.2
2019-11-27,阿里山,15.3,7.1,9.7
2019-11-28,阿里山,14.3,4.7,8.0
2019-11-29,阿里山,10.0,3.3,6.4
2019-11-30,阿里山,13.7,2.4,7.1
2019-12-01,阿里山,13.0,2.8,7.0
2019-12-02,阿里山,11.8,2.8,5.8
2019-12-03,阿里山,12.2,2.4,7.4
2019-12-04,阿里山,10.7,5.8,8.3
2019-12-05,阿里山,10.8,6.3,7.7
2019-12-06,阿里山,8.8,6.1,6.8
2019-12-07,阿里山,8.3,2.4,5.4
2019-12-08,阿里山,7.9,,3.4
2019-12-09,阿里山,12.2,2.1,6.3
2019-12-10,阿里山,9.3,2.4,5.4
2019-12-11,阿里山,15.1,2.4,7.5
2019-12-12,阿里山,12.7,2.3,7.3
2019-12-13,阿里山,15.0,5.7,10.8
2019-12-14,阿里山,16.4,6.3,11.2
2019-12-15,阿里山,17.8,5.8,10.7
2019-12-16,阿里山,18.2,7.7,12.7
2019-12-17,阿里山,17.4,8.7,11.9
2019-12-18,阿里山,17.0,7.9,11.7
2019-12-19,阿里山,15.5,5.8,9.7
2019-12-20,阿里山,11.6,5.8,8.3
2019-12-21,阿里山,11.7,7.5,9.5
2019-12-22,阿里山,13.7,6.7,9.5
2019-12-23,阿里山,12.8,3.7,8.3
2019-12-24,阿里山,12.7,2.7,7.7
2018-12-24,玉山,12.0,2.2,4.5
2018-12-25,玉山,9.7,3.0,5.6
2018-12-26,玉山,10.2,1.8,4.7
2018-12-27,玉山,11.0,0.7,4.7
2018-12-28,玉山,15.5,1.4,6.5
2018-12-29,玉山,15.3,3.0,6.5
2018-12-30,玉山,11.7,0.2,4.6
2018-12-31,玉山,6.5,,1.4
2019-01-01,玉山,6.2,0.0,1.8
2019-01-02,玉山,6.9,0.4,3.0
2019-01-03,玉山,8.8,1.5,4.0
2019-01-04,玉山,13.1,1.4,5.2
2019-01-05,玉山,7.6,0.4,3.2
2019-01-06,玉山,11.9,0.2,4.7
2019-01-07,玉山,15.1,1.3,6.0
2019-01-08,玉山,15.1,3.1,7.1
2019-01-09,玉山,12.2,2.3,5.2
2019-01-10,玉山,14.1,0.6,4.4
2019-01-11,玉山,12.0,0.4,4.3
2019-01-12,玉山,13.0,1.0,5.1
2019-01-13,玉山,8.4,,2.6
2019-01-14,玉山,7.5,,2.0
2019-01-15,玉山,11.0,0.1,3.7
2019-01-16,玉山,6.9,0.0,2.5
2019-01-17,玉山,2.5,,
2019-01-18,玉山,13.6,,5.1
2019-01-19,玉山,6.1,,2.2
2019-01-20,玉山,9.6,0.0,3.0
2019-01-21,玉山,1.3,,
2019-01-22,玉山,3.9,,
2019-01-23,玉山,,,
2019-01-24,玉山,6.0,,
2019-01-25,玉山,6.3,,
2019-01-26,玉山,9.2,,0.9
2019-01-27,玉山,0.6,,
2019-01-28,玉山,11.8,,3.8
2019-01-29,玉山,15.4,1.0,6.2
2019-01-30,玉山,16.0,2.6,6.9
2019-01-31,玉山,11.5,1.2,5.4
2019-02-01,玉山,10.8,,4.5
2019-02-02,玉山,14.9,3.4,7.2
2019-02-03,玉山,17.0,4.5,7.8
2019-02-04,玉山,11.9,2.4,5.6
2019-02-05,玉山,5.0,,1.9
2019-02-06,玉山,15.0,,5.4
2019-02-07,玉山,7.6,,3.4
2019-02-08,玉山,11.6,,3.5
2019-02-09,玉山,11.8,,3.1
2019-02-10,玉山,17.3,3.0,7.7
2019-02-11,玉山,14.2,1.9,5.5
2019-02-12,玉山,14.4,2.1,6.5
2019-02-13,玉山,13.6,0.4,5.1
2019-02-14,玉山,11.0,,4.0
2019-02-15,玉山,12.1,1.4,4.8
2019-02-16,玉山,11.3,0.8,4.3
2019-02-17,玉山,12.1,0.4,4.5
2019-02-18,玉山,9.3,,3.2
2019-02-19,玉山,4.0,,1.0
2019-02-20,玉山,11.0,0.1,4.3
2019-02-21,玉山,9.8,,4.1
2019-02-22,玉山,13.4,,3.5
2019-02-23,玉山,12.3,,2.3
2019-02-24,玉山,2.7,,1.1
2019-02-25,玉山,6.0,,0.6
2019-02-26,玉山,9.6,,2.1
2019-02-27,玉山,12.2,0.2,4.1
2019-02-28,玉山,12.1,,3.3
2019-03-01,玉山,12.9,,4.0
2019-03-02,玉山,8.9,0.7,3.9
2019-03-03,玉山,4.0,,1.1
2019-03-04,玉山,12.2,,2.3
2019-03-05,玉山,4.7,,1.3
2019-03-06,玉山,3.4,1.0,1.9
2019-03-07,玉山,3.6,0.9,2.3
2019-03-08,玉山,2.5,,1.3
2019-03-09,玉山,3.8,1.0,2.6
2019-03-10,玉山,2.9,,1.3
2019-03-11,玉山,0.8,,
2019-03-12,玉山,7.8,,
2019-03-13,玉山,2.4,,
2019-03-14,玉山,4.1,,0.0
2019-03-15,玉山,3.2,,1.3
2019-03-16,玉山,3.0,,0.9
2019-03-17,玉山,5.3,,1.3
2019-03-18,玉山,6.6,,1.8
2019-03-19,玉山,8.7,0.1,2.1
2019-03-20,玉山,13.5,0.3,5.4
2019-03-21,玉山,14.2,2.3,7.1
2019-03-22,玉山,12.9,0.2,4.4
2019-03-23,玉山,4.6,,2.0
2019-03-24,玉山,3.4,1.2,2.1
2019-03-25,玉山,3.4,,1.1
2019-03-26,玉山,11.5,,3.6
2019-03-27,玉山,14.4,0.5,5.2
2019-03-28,玉山,14.4,0.6,5.4
2019-03-29,玉山,12.2,,5.0
2019-03-30,玉山,10.4,0.5,4.1
2019-03-31,玉山,7.4,,1.2
2019-04-01,玉山,5.5,,2.3
2019-04-02,玉山,8.0,0.5,2.6
2019-04-03,玉山,11.7,1.0,4.0
2019-04-04,玉山,12.1,1.1,4.8
2019-04-05,玉山,9.0,0.5,3.9
2019-04-06,玉山,11.3,0.9,4.4
2019-04-07,玉山,14.0,,4.7
2019-04-08,玉山,8.9,1.6,4.0
2019-04-09,玉山,15.5,2.0,6.4
2019-04-10,玉山,15.7,1.7,6.7
2019-04-11,玉山,13.4,1.8,5.7
2019-04-12,玉山,9.1,2.2,4.7
2019-04-13,玉山,8.1,1.7,4.0
2019-04-14,玉山,7.7,1.8,3.9
2019-04-15,玉山,7.3,2.5,4.4
2019-04-16,玉山,6.6,2.9,4.0
2019-04-17,玉山,15.0,0.7,6.5
2019-04-18,玉山,17.6,3.5,8.1
2019-04-19,玉山,5.0,1.3,3.4
2019-04-20,玉山,6.8,2.0,3.9
2019-04-21,玉山,6.1,2.2,4.3
2019-04-22,玉山,12.3,3.6,5.8
2019-04-23,玉山,10.4,2.4,5.3
2019-04-24,玉山,15.1,1.2,6.4
2019-04-25,玉山,12.1,2.4,5.7
2019-04-26,玉山,14.9,2.2,5.7
2019-04-27,玉山,13.9,2.0,5.7
2019-04-28,玉山,12.9,2.1,5.3
2019-04-29,玉山,15.6,2.2,6.3
2019-04-30,玉山,11.4,2.5,5.5
2019-05-01,玉山,14.5,3.6,4.5
2019-05-02,玉山,6.2,3.3,4.4
2019-05-03,玉山,7.5,2.6,4.1
2019-05-04,玉山,8.6,2.0,4.1
2019-05-05,玉山,8.7,1.8,4.4
2019-05-06,玉山,9.0,4.1,6.2
2019-05-07,玉山,9.8,4.3,6.2
2019-05-08,玉山,14.1,4.1,6.7
2019-05-09,玉山,8.9,4.8,6.3
2019-05-10,玉山,13.1,3.9,7.4
2019-05-11,玉山,12.3,3.1,5.9
2019-05-12,玉山,15.3,2.9,6.6
2019-05-13,玉山,14.9,2.7,6.8
2019-05-14,玉山,15.7,2.4,6.9
2019-05-15,玉山,10.6,4.2,6.5
2019-05-16,玉山,9.1,4.3,6.7
2019-05-17,玉山,7.5,4.8,6.3
2019-05-18,玉山,7.9,5.6,6.7
2019-05-19,玉山,15.7,4.6,7.4
2019-05-20,玉山,9.1,4.2,6.4
2019-05-21,玉山,10.5,5.3,7.1
2019-05-22,玉山,8.5,4.7,6.0
2019-05-23,玉山,7.7,2.9,5.1
2019-05-24,玉山,13.4,3.0,5.4
2019-05-25,玉山,11.4,2.9,6.7
2019-05-26,玉山,12.9,4.2,6.9
2019-05-27,玉山,10.8,5.0,6.2
2019-05-28,玉山,12.3,4.3,6.9
2019-05-29,玉山,13.1,5.0,7.8
2019-05-30,玉山,13.9,4.8,7.8
2019-05-31,玉山,12.4,4.7,6.9
2019-06-01,玉山,9.4,5.3,6.8
2019-06-02,玉山,8.8,5.0,6.6
2019-06-03,玉山,8.2,1.4,4.6
2019-06-04,玉山,6.4,4.3,5.4
2019-06-05,玉山,14.3,4.7,7.1
2019-06-06,玉山,15.8,3.6,7.2
2019-06-07,玉山,15.7,4.7,7.5
2019-06-08,玉山,15.4,3.6,6.4
2019-06-09,玉山,8.2,3.3,5.3
2019-06-10,玉山,6.5,3.3,5.5
2019-06-11,玉山,8.5,5.5,6.7
2019-06-12,玉山,8.5,6.2,7.3
2019-06-13,玉山,8.2,5.3,6.6
2019-06-14,玉山,11.0,1.7,6.9
2019-06-15,玉山,16.5,4.5,8.4
2019-06-16,玉山,15.7,6.5,9.4
2019-06-17,玉山,11.8,3.5,7.5
2019-06-18,玉山,13.4,5.8,7.6
2019-06-19,玉山,16.5,6.5,10.3
2019-06-20,玉山,19.0,8.9,12.1
2019-06-21,玉山,14.2,6.0,9.5
2019-06-22,玉山,13.2,5.7,7.8
2019-06-23,玉山,9.3,5.1,6.5
2019-06-24,玉山,6.9,2.8,4.9
2019-06-25,玉山,9.6,3.0,5.9
2019-06-26,玉山,11.9,5.2,8.0
2019-06-27,玉山,13.0,6.0,8.3
2019-06-28,玉山,14.7,6.4,9.0
2019-06-29,玉山,19.3,7.1,11.2
2019-06-30,玉山,16.3,6.8,10.1
2019-07-01,玉山,15.4,6.3,9.6
2019-07-02,玉山,13.9,6.8,8.9
2019-07-03,玉山,8.7,5.7,7.2
2019-07-04,玉山,11.6,5.5,7.1
2019-07-05,玉山,8.8,4.5,6.2
2019-07-06,玉山,10.8,4.3,6.7
2019-07-07,玉山,14.7,4.1,7.9
2019-07-08,玉山,9.6,2.8,6.3
2019-07-09,玉山,10.0,2.8,5.8
2019-07-10,玉山,10.5,1.9,6.4
2019-07-11,玉山,10.9,5.3,7.4
2019-07-12,玉山,14.5,4.2,7.7
2019-07-13,玉山,14.1,4.1,7.5
2019-07-14,玉山,15.4,5.3,9.0
2019-07-15,玉山,19.8,6.1,10.9
2019-07-16,玉山,20.3,6.4,10.9
2019-07-17,玉山,17.3,6.0,10.5
2019-07-18,玉山,14.4,5.4,9.6
2019-07-19,玉山,13.5,5.4,8.6
2019-07-20,玉山,10.8,5.5,7.2
2019-07-21,玉山,11.0,5.5,7.3
2019-07-22,玉山,11.7,3.7,6.6
2019-07-23,玉山,14.5,5.1,8.2
2019-07-24,玉山,17.0,6.5,9.5
2019-07-25,玉山,17.1,6.8,9.5
2019-07-26,玉山,15.1,5.7,8.4
2019-07-27,玉山,15.5,5.4,8.3
2019-07-28,玉山,14.7,5.7,8.2
2019-07-29,玉山,15.0,4.3,8.3
2019-07-30,玉山,16.9,4.2,8.9
2019-07-31,玉山,15.1,4.7,7.9
2019-08-01,玉山,17.6,4.6,8.0
2019-08-02,玉山,15.2,4.5,8.3
2019-08-03,玉山,19.5,5.7,9.7
2019-08-04,玉山,20.1,6.1,10.3
2019-08-05,玉山,18.3,6.2,9.6
2019-08-06,玉山,17.7,5.0,9.8
2019-08-07,玉山,16.3,5.9,9.5
2019-08-08,玉山,13.1,7.2,9.0
2019-08-09,玉山,10.1,7.3,9.0
2019-08-10,玉山,9.5,6.0,7.7
2019-08-11,玉山,9.9,4.7,7.4
2019-08-12,玉山,11.6,5.4,7.9
2019-08-13,玉山,12.1,5.4,7.7
2019-08-14,玉山,14.0,4.3,7.7
2019-08-15,玉山,9.1,3.9,7.2
2019-08-16,玉山,8.8,5.5,7.0
2019-08-17,玉山,12.8,4.9,7.7
2019-08-18,玉山,11.8,4.6,7.7
2019-08-19,玉山,10.9,6.0,7.7
2019-08-20,玉山,12.1,5.9,7.8
2019-08-21,玉山,11.8,5.9,7.6
2019-08-22,玉山,15.7,5.7,8.8
2019-08-23,玉山,15.1,5.2,9.0
2019-08-24,玉山,9.1,6.2,7.5
2019-08-25,玉山,11.8,4.4,7.9
2019-08-26,玉山,17.0,4.3,8.7
2019-08-27,玉山,15.5,4.2,8.6
2019-08-28,玉山,15.1,6.2,9.3
2019-08-29,玉山,19.5,5.4,9.8
2019-08-30,玉山,14.5,5.3,7.9
2019-08-31,玉山,10.9,3.6,6.4
2019-09-01,玉山,11.5,4.5,6.5
2019-09-02,玉山,13.1,3.9,6.8
2019-09-03,玉山,14.8,3.3,7.4
2019-09-04,玉山,13.8,4.4,7.4
2019-09-05,玉山,14.2,5.4,8.3
2019-09-06,玉山,15.4,5.3,7.4
2019-09-07,玉山,13.6,4.1,6.7
2019-09-08,玉山,12.1,2.4,5.5
2019-09-09,玉山,16.0,3.7,8.0
2019-09-10,玉山,15.3,5.2,7.5
2019-09-11,玉山,17.7,5.3,9.4
2019-09-12,玉山,18.2,5.1,9.5
2019-09-13,玉山,19.6,4.4,9.5
2019-09-14,玉山,20.2,4.6,9.7
2019-09-15,玉山,15.6,2.4,8.3
2019-09-16,玉山,15.0,5.2,8.4
2019-09-17,玉山,18.1,4.4,8.9
2019-09-18,玉山,19.7,5.3,10.5
2019-09-19,玉山,18.2,4.6,9.0
2019-09-20,玉山,19.5,4.9,9.9
2019-09-21,玉山,15.8,6.1,8.5
2019-09-22,玉山,11.8,3.8,6.9
2019-09-23,玉山,13.7,4.2,7.3
2019-09-24,玉山,16.7,4.4,8.3
2019-09-25,玉山,19.5,4.2,8.9
2019-09-26,玉山,17.5,3.8,8.2
2019-09-27,玉山,16.3,4.0,6.7
2019-09-28,玉山,12.9,3.4,7.1
2019-09-29,玉山,17.0,3.8,8.2
2019-09-30,玉山,9.3,3.9,5.5
2019-10-01,玉山,13.7,1.7,6.0
2019-10-02,玉山,15.4,3.4,6.9
2019-10-03,玉山,13.5,3.2,6.5
2019-10-04,玉山,14.8,3.3,6.3
2019-10-05,玉山,14.6,3.0,6.7
2019-10-06,玉山,11.3,2.8,5.4
2019-10-07,玉山,16.0,3.0,7.4
2019-10-08,玉山,17.6,3.2,8.2
2019-10-09,玉山,18.3,3.1,8.4
2019-10-10,玉山,16.9,2.2,7.6
2019-10-11,玉山,18.2,1.5,6.6
2019-10-12,玉山,19.1,2.0,7.2
2019-10-13,玉山,16.8,0.8,6.5
2019-10-14,玉山,17.9,2.7,6.6
2019-10-15,玉山,18.4,2.4,6.9
2019-10-16,玉山,19.3,2.4,7.9
2019-10-17,玉山,20.0,4.3,10.4
2019-10-18,玉山,19.1,6.0,10.1
2019-10-19,玉山,18.3,4.7,9.1
2019-10-20,玉山,17.0,3.5,7.5
2019-10-21,玉山,12.2,3.1,5.7
2019-10-22,玉山,18.6,2.2,9.3
2019-10-23,玉山,10.3,2.2,4.2
2019-10-24,玉山,10.4,3.2,5.1
2019-10-25,玉山,10.6,3.1,5.3
2019-10-26,玉山,17.4,3.1,7.4
2019-10-27,玉山,17.0,3.2,8.7
2019-10-28,玉山,16.6,3.5,7.9
2019-10-29,玉山,15.2,4.1,7.9
2019-10-30,玉山,17.7,5.1,8.2
2019-10-31,玉山,13.6,4.1,6.7
2019-11-01,玉山,14.8,4.3,6.8
2019-11-02,玉山,18.1,4.5,9.5
2019-11-03,玉山,18.3,5.2,8.8
2019-11-04,玉山,11.1,4.5,6.4
2019-11-05,玉山,13.9,2.4,6.2
2019-11-06,玉山,16.2,3.4,7.9
2019-11-07,玉山,12.9,2.4,6.7
2019-11-08,玉山,13.5,0.3,5.9
2019-11-09,玉山,16.3,3.4,7.3
2019-11-10,玉山,14.1,2.6,6.1
2019-11-11,玉山,15.7,3.2,7.4
2019-11-12,玉山,19.6,6.0,10.6
2019-11-13,玉山,19.9,5.6,10.3
2019-11-14,玉山,16.9,4.2,8.5
2019-11-15,玉山,16.1,2.0,6.5
2019-11-16,玉山,18.5,5.1,10.1
2019-11-17,玉山,17.8,5.2,9.5
2019-11-18,玉山,14.6,3.4,7.8
2019-11-19,玉山,11.5,4.2,6.3
2019-11-20,玉山,12.7,3.2,6.0
2019-11-21,玉山,14.3,2.9,7.2
2019-11-22,玉山,18.2,3.4,9.2
2019-11-23,玉山,14.0,4.0,7.7
2019-11-24,玉山,16.9,4.8,7.4
2019-11-25,玉山,15.6,3.2,6.7
2019-11-26,玉山,17.4,3.0,7.4
2019-11-27,玉山,14.0,2.3,6.0
2019-11-28,玉山,13.2,,4.4
2019-11-29,玉山,15.2,1.2,6.3
2019-11-30,玉山,16.5,2.7,7.0
2019-12-01,玉山,14.3,3.3,6.9
2019-12-02,玉山,10.7,2.7,4.8
2019-12-03,玉山,13.0,2.9,6.8
2019-12-04,玉山,9.1,4.0,6.5
2019-12-05,玉山,6.9,1.7,5.2
2019-12-06,玉山,5.2,1.2,3.2
2019-12-07,玉山,3.5,,
2019-12-08,玉山,8.8,,1.5
2019-12-09,玉山,12.9,,4.2
2019-12-10,玉山,10.7,0.4,3.9
2019-12-11,玉山,13.6,,4.1
2019-12-12,玉山,12.7,1.0,5.3
2019-12-13,玉山,14.7,2.5,6.0
2019-12-14,玉山,16.1,2.6,6.9
2019-12-15,玉山,15.7,3.6,7.3
2019-12-16,玉山,13.7,3.2,6.4
2019-12-17,玉山,13.3,1.9,5.5
2019-12-18,玉山,16.5,1.1,6.5
2019-12-19,玉山,10.6,0.1,3.5
2019-12-20,玉山,2.7,,1.1
2019-12-21,玉山,3.4,,1.3
2019-12-22,玉山,2.0,,0.5
2019-12-23,玉山,7.7,0.4,2.8
2019-12-24,玉山,10.2,1.0,4.6
2018-12-24,日月潭,23.4,16.5,18.6
2018-12-25,日月潭,24.9,16.0,19.5
2018-12-26,日月潭,24.2,17.3,19.1
2018-12-27,日月潭,20.3,14.2,16.6
2018-12-28,日月潭,23.1,12.3,15.9
2018-12-29,日月潭,19.5,10.2,13.7
2018-12-30,日月潭,17.1,10.3,12.8
2018-12-31,日月潭,18.1,11.7,15.0
2019-01-01,日月潭,20.5,13.6,16.9
2019-01-02,日月潭,19.1,14.6,16.2
2019-01-03,日月潭,20.9,14.5,16.9
2019-01-04,日月潭,24.4,15.5,18.4
2019-01-05,日月潭,23.6,16.1,18.5
2019-01-06,日月潭,23.6,16.0,18.2
2019-01-07,日月潭,23.2,15.5,18.4
2019-01-08,日月潭,24.7,15.4,18.8
2019-01-09,日月潭,24.5,15.3,18.2
2019-01-10,日月潭,26.0,16.2,19.4
2019-01-11,日月潭,25.1,15.8,18.7
2019-01-12,日月潭,23.8,15.5,18.2
2019-01-13,日月潭,23.4,15.6,17.9
2019-01-14,日月潭,23.8,14.7,18.3
2019-01-15,日月潭,24.2,15.0,17.7
2019-01-16,日月潭,18.2,13.4,15.2
2019-01-17,日月潭,18.7,12.4,14.6
2019-01-18,日月潭,20.4,10.3,14.3
2019-01-19,日月潭,22.0,13.0,15.1
2019-01-20,日月潭,20.1,13.4,15.6
2019-01-21,日月潭,17.2,11.8,13.6
2019-01-22,日月潭,19.7,10.3,12.0
2019-01-23,日月潭,20.2,10.1,13.6
2019-01-24,日月潭,21.2,11.0,14.7
2019-01-25,日月潭,22.4,11.0,15.0
2019-01-26,日月潭,21.3,10.8,14.8
2019-01-27,日月潭,19.7,10.9,13.4
2019-01-28,日月潭,20.2,9.6,13.7
2019-01-29,日月潭,22.5,10.6,15.6
2019-01-30,日月潭,22.7,13.0,16.1
2019-01-31,日月潭,24.4,13.6,17.2
2019-02-01,日月潭,19.5,13.4,16.5
2019-02-02,日月潭,22.8,11.6,16.6
2019-02-03,日月潭,27.3,14.4,18.6
2019-02-04,日月潭,22.4,15.0,17.6
2019-02-05,日月潭,20.5,15.6,17.3
2019-02-06,日月潭,25.0,14.1,17.8
2019-02-07,日月潭,25.8,13.6,18.3
2019-02-08,日月潭,24.8,12.9,17.4
2019-02-09,日月潭,23.7,12.8,17.4
2019-02-10,日月潭,20.5,13.6,16.9
2019-02-11,日月潭,26.4,15.9,19.5
2019-02-12,日月潭,26.4,14.4,19.1
2019-02-13,日月潭,25.9,14.4,18.8
2019-02-14,日月潭,26.3,15.4,18.8
2019-02-15,日月潭,26.0,14.6,18.4
2019-02-16,日月潭,24.6,14.0,17.4
2019-02-17,日月潭,25.2,14.3,17.8
2019-02-18,日月潭,23.1,13.5,17.7
2019-02-19,日月潭,24.1,15.1,19.1
2019-02-20,日月潭,27.4,15.4,19.6
2019-02-21,日月潭,24.1,14.5,17.6
2019-02-22,日月潭,27.1,14.5,18.3
2019-02-23,日月潭,21.0,13.7,15.5
2019-02-24,日月潭,17.2,13.4,14.6
2019-02-25,日月潭,23.9,14.0,17.0
2019-02-26,日月潭,24.2,13.1,17.1
2019-02-27,日月潭,25.1,13.3,17.6
2019-02-28,日月潭,24.6,15.1,18.5
2019-03-01,日月潭,25.9,15.9,18.9
2019-03-02,日月潭,25.5,14.7,18.4
2019-03-03,日月潭,21.9,14.4,16.2
2019-03-04,日月潭,24.3,12.4,17.3
2019-03-05,日月潭,23.3,13.0,16.7
2019-03-06,日月潭,23.7,13.5,16.6
2019-03-07,日月潭,15.1,12.5,13.6
2019-03-08,日月潭,16.7,11.8,13.7
2019-03-09,日月潭,16.9,13.5,15.1
2019-03-10,日月潭,18.3,12.0,14.7
2019-03-11,日月潭,15.7,13.1,13.9
2019-03-12,日月潭,24.3,12.3,16.2
2019-03-13,日月潭,21.2,13.6,16.2
2019-03-14,日月潭,23.8,13.4,17.0
2019-03-15,日月潭,19.5,13.5,15.7
2019-03-16,日月潭,19.2,14.2,15.8
2019-03-17,日月潭,21.3,13.6,16.5
2019-03-18,日月潭,23.2,14.4,17.7
2019-03-19,日月潭,28.2,14.9,19.9
2019-03-20,日月潭,26.8,16.5,20.0
2019-03-21,日月潭,29.3,15.4,21.9
2019-03-22,日月潭,26.3,17.4,20.5
2019-03-23,日月潭,19.1,14.6,16.6
2019-03-24,日月潭,16.2,14.0,15.2
2019-03-25,日月潭,18.3,13.2,15.5
2019-03-26,日月潭,25.8,13.2,19.1
2019-03-27,日月潭,27.1,15.2,19.0
2019-03-28,日月潭,27.8,16.4,20.9
2019-03-29,日月潭,25.6,16.0,19.2
2019-03-30,日月潭,25.4,15.1,18.9
2019-03-31,日月潭,26.5,16.3,19.3
2019-04-01,日月潭,17.7,15.4,16.2
2019-04-02,日月潭,19.5,15.3,16.9
2019-04-03,日月潭,22.0,15.4,18.0
2019-04-04,日月潭,25.4,16.2,19.5
2019-04-05,日月潭,27.1,16.7,20.3
2019-04-06,日月潭,26.5,16.6,20.4
2019-04-07,日月潭,27.8,15.7,20.6
2019-04-08,日月潭,28.4,17.1,21.1
2019-04-09,日月潭,29.3,16.3,21.6
2019-04-10,日月潭,30.3,17.4,23.0
2019-04-11,日月潭,24.2,17.5,19.6
2019-04-12,日月潭,27.2,16.4,20.3
2019-04-13,日月潭,21.8,16.3,18.7
2019-04-14,日月潭,28.0,17.7,21.2
2019-04-15,日月潭,24.1,17.4,19.5
2019-04-16,日月潭,18.9,15.8,17.3
2019-04-17,日月潭,26.6,14.9,19.7
2019-04-18,日月潭,27.0,16.2,20.0
2019-04-19,日月潭,26.4,14.3,18.4
2019-04-20,日月潭,24.0,17.0,19.9
2019-04-21,日月潭,23.7,17.6,19.5
2019-04-22,日月潭,28.9,18.9,22.1
2019-04-23,日月潭,28.9,18.5,22.3
2019-04-24,日月潭,30.0,18.8,23.2
2019-04-25,日月潭,29.4,16.2,22.0
2019-04-26,日月潭,29.3,17.8,21.5
2019-04-27,日月潭,28.8,18.1,22.0
2019-04-28,日月潭,28.3,19.2,21.8
2019-04-29,日月潭,28.5,18.3,21.7
2019-04-30,日月潭,28.2,18.2,21.7
2019-05-01,日月潭,20.9,17.8,19.1
2019-05-02,日月潭,21.1,16.2,17.9
2019-05-03,日月潭,19.0,16.2,17.4
2019-05-04,日月潭,23.8,16.8,18.4
2019-05-05,日月潭,24.5,16.6,19.0
2019-05-06,日月潭,19.4,16.5,17.7
2019-05-07,日月潭,22.1,16.8,18.3
2019-05-08,日月潭,24.8,17.5,18.9
2019-05-09,日月潭,22.2,18.0,19.2
2019-05-10,日月潭,26.8,18.1,20.7
2019-05-11,日月潭,29.1,17.8,22.0
2019-05-12,日月潭,30.0,18.7,22.5
2019-05-13,日月潭,28.5,18.9,22.4
2019-05-14,日月潭,29.9,18.7,22.7
2019-05-15,日月潭,29.6,19.6,22.1
2019-05-16,日月潭,25.5,20.0,21.4
2019-05-17,日月潭,22.0,19.7,20.6
2019-05-18,日月潭,22.2,19.3,20.3
2019-05-19,日月潭,27.8,20.4,21.7
2019-05-20,日月潭,24.4,18.5,20.3
2019-05-21,日月潭,22.5,18.7,20.0
2019-05-22,日月潭,23.5,17.9,19.8
2019-05-23,日月潭,21.8,17.7,19.1
2019-05-24,日月潭,25.9,19.1,20.8
2019-05-25,日月潭,25.8,18.2,20.7
2019-05-26,日月潭,28.4,18.4,22.0
2019-05-27,日月潭,24.5,19.3,21.3
2019-05-28,日月潭,24.1,19.6,21.0
2019-05-29,日月潭,25.0,19.8,21.2
2019-05-30,日月潭,27.2,19.3,21.2
2019-05-31,日月潭,28.8,19.2,21.8
2019-06-01,日月潭,26.4,19.7,21.0
2019-06-02,日月潭,27.4,19.3,22.3
2019-06-03,日月潭,25.7,20.0,22.4
2019-06-04,日月潭,26.7,18.2,21.2
2019-06-05,日月潭,30.0,20.3,23.2
2019-06-06,日月潭,31.3,18.6,23.3
2019-06-07,日月潭,30.4,18.7,23.0
2019-06-08,日月潭,29.4,20.7,23.3
2019-06-09,日月潭,28.1,19.3,22.9
2019-06-10,日月潭,27.3,19.8,21.9
2019-06-11,日月潭,21.9,19.1,20.3
2019-06-12,日月潭,20.6,19.0,19.7
2019-06-13,日月潭,25.3,19.7,21.3
2019-06-14,日月潭,23.4,19.6,21.0
2019-06-15,日月潭,29.5,19.8,23.0
2019-06-16,日月潭,31.1,18.9,22.5
2019-06-17,日月潭,29.2,19.7,22.3
2019-06-18,日月潭,29.2,20.2,22.9
2019-06-19,日月潭,30.6,20.4,24.1
2019-06-20,日月潭,31.0,19.4,24.1
2019-06-21,日月潭,30.6,20.3,23.9
2019-06-22,日月潭,27.2,20.7,23.2
2019-06-23,日月潭,25.3,20.1,21.9
2019-06-24,日月潭,23.1,18.2,20.6
2019-06-25,日月潭,28.0,18.8,22.6
2019-06-26,日月潭,28.0,19.5,22.5
2019-06-27,日月潭,28.4,21.0,23.1
2019-06-28,日月潭,31.9,21.3,24.3
2019-06-29,日月潭,29.3,21.7,23.8
2019-06-30,日月潭,30.3,20.0,23.2
2019-07-01,日月潭,28.6,20.4,23.7
2019-07-02,日月潭,29.6,20.3,22.9
2019-07-03,日月潭,27.4,20.3,22.6
2019-07-04,日月潭,29.6,21.1,23.2
2019-07-05,日月潭,27.8,20.6,22.2
2019-07-06,日月潭,26.1,20.5,22.1
2019-07-07,日月潭,29.3,20.4,23.1
2019-07-08,日月潭,29.0,20.5,23.8
2019-07-09,日月潭,25.4,20.0,22.1
2019-07-10,日月潭,29.6,20.3,22.9
2019-07-11,日月潭,29.1,20.6,22.7
2019-07-12,日月潭,30.1,20.3,22.8
2019-07-13,日月潭,30.2,20.1,23.3
2019-07-14,日月潭,30.6,20.1,23.9
2019-07-15,日月潭,31.3,20.5,24.3
2019-07-16,日月潭,31.6,21.5,24.5
2019-07-17,日月潭,34.0,21.7,27.3
2019-07-18,日月潭,25.4,21.0,22.4
2019-07-19,日月潭,28.5,20.3,22.5
2019-07-20,日月潭,26.0,20.9,22.8
2019-07-21,日月潭,29.7,20.2,22.8
2019-07-22,日月潭,29.5,18.8,22.3
2019-07-23,日月潭,28.8,19.3,22.1
2019-07-24,日月潭,29.2,19.8,22.7
2019-07-25,日月潭,30.3,20.8,23.8
2019-07-26,日月潭,31.5,20.3,23.8
2019-07-27,日月潭,29.6,19.8,22.9
2019-07-28,日月潭,29.1,19.9,22.7
2019-07-29,日月潭,30.2,19.6,24.3
2019-07-30,日月潭,32.1,20.5,24.9
2019-07-31,日月潭,31.2,20.2,24.2
2019-08-01,日月潭,27.3,19.2,22.5
2019-08-02,日月潭,29.4,19.8,22.1
2019-08-03,日月潭,27.9,19.1,22.9
2019-08-04,日月潭,30.6,20.2,23.9
2019-08-05,日月潭,29.5,21.5,23.5
2019-08-06,日月潭,28.6,21.4,23.5
2019-08-07,日月潭,29.9,19.5,24.0
2019-08-08,日月潭,29.1,20.9,23.7
2019-08-09,日月潭,23.6,20.9,21.7
2019-08-10,日月潭,28.5,22.3,24.3
2019-08-11,日月潭,24.5,20.5,22.0
2019-08-12,日月潭,23.5,19.9,21.7
2019-08-13,日月潭,28.7,20.3,22.7
2019-08-14,日月潭,29.9,20.3,23.2
2019-08-15,日月潭,24.9,19.7,21.4
2019-08-16,日月潭,25.3,19.8,21.3
2019-08-17,日月潭,25.3,19.4,21.2
2019-08-18,日月潭,26.2,19.7,21.2
2019-08-19,日月潭,24.8,19.5,21.2
2019-08-20,日月潭,26.3,19.4,21.3
2019-08-21,日月潭,25.8,19.4,21.6
2019-08-22,日月潭,30.0,19.5,23.3
2019-08-23,日月潭,29.7,19.8,24.0
2019-08-24,日月潭,28.0,20.7,23.9
2019-08-25,日月潭,28.4,20.8,22.5
2019-08-26,日月潭,30.3,20.7,22.8
2019-08-27,日月潭,29.0,20.4,23.4
2019-08-28,日月潭,32.5,20.3,25.3
2019-08-29,日月潭,29.7,20.6,23.4
2019-08-30,日月潭,28.8,19.6,22.0
2019-08-31,日月潭,29.0,19.8,23.7
2019-09-01,日月潭,29.8,19.3,23.3
2019-09-02,日月潭,29.5,20.1,24.0
2019-09-03,日月潭,29.4,20.0,23.0
2019-09-04,日月潭,25.4,19.5,21.0
2019-09-05,日月潭,27.3,19.3,21.4
2019-09-06,日月潭,29.9,19.8,22.5
2019-09-07,日月潭,29.5,19.8,22.3
2019-09-08,日月潭,29.1,19.4,22.7
2019-09-09,日月潭,29.4,17.3,23.0
2019-09-10,日月潭,27.0,20.4,22.5
2019-09-11,日月潭,29.1,19.8,23.7
2019-09-12,日月潭,29.7,20.0,23.7
2019-09-13,日月潭,29.1,19.5,23.4
2019-09-14,日月潭,29.8,21.0,23.5
2019-09-15,日月潭,29.9,19.5,22.3
2019-09-16,日月潭,26.7,19.6,22.1
2019-09-17,日月潭,28.0,19.9,22.5
2019-09-18,日月潭,29.0,19.4,22.4
2019-09-19,日月潭,27.9,19.2,22.0
2019-09-20,日月潭,26.1,17.9,20.7
2019-09-21,日月潭,20.2,15.8,18.1
2019-09-22,日月潭,24.1,16.7,19.9
2019-09-23,日月潭,26.5,18.1,21.2
2019-09-24,日月潭,24.8,17.2,20.7
2019-09-25,日月潭,28.1,18.0,21.5
2019-09-26,日月潭,27.9,18.4,21.7
2019-09-27,日月潭,27.7,18.6,21.9
2019-09-28,日月潭,28.3,19.5,21.6
2019-09-29,日月潭,29.3,18.9,23.1
2019-09-30,日月潭,24.5,19.3,21.6
2019-10-01,日月潭,25.0,18.4,20.1
2019-10-02,日月潭,29.1,18.2,22.7
2019-10-03,日月潭,28.7,19.4,22.5
2019-10-04,日月潭,26.9,18.7,21.5
2019-10-05,日月潭,28.0,18.5,21.8
2019-10-06,日月潭,28.5,18.5,22.2
2019-10-07,日月潭,27.3,18.3,22.0
2019-10-08,日月潭,27.5,19.1,22.0
2019-10-09,日月潭,27.6,18.9,21.3
2019-10-10,日月潭,28.2,18.7,21.7
2019-10-11,日月潭,26.8,17.9,21.0
2019-10-12,日月潭,27.7,17.9,21.5
2019-10-13,日月潭,26.9,18.7,21.5
2019-10-14,日月潭,24.2,18.7,20.7
2019-10-15,日月潭,25.9,17.6,20.7
2019-10-16,日月潭,26.1,17.6,20.1
2019-10-17,日月潭,27.2,18.0,19.9
2019-10-18,日月潭,26.7,17.8,20.7
2019-10-19,日月潭,26.0,17.0,19.6
2019-10-20,日月潭,25.0,17.3,19.5
2019-10-21,日月潭,24.0,15.9,18.7
2019-10-22,日月潭,26.5,15.8,19.3
2019-10-23,日月潭,25.6,16.5,19.4
2019-10-24,日月潭,27.0,17.1,20.5
2019-10-25,日月潭,25.7,17.7,20.3
2019-10-26,日月潭,25.8,17.1,19.4
2019-10-27,日月潭,26.2,17.3,19.9
2019-10-28,日月潭,26.5,17.1,20.1
2019-10-29,日月潭,25.9,16.8,20.2
2019-10-30,日月潭,28.5,18.7,21.8
2019-10-31,日月潭,28.4,17.7,20.9
2019-11-01,日月潭,23.7,18.2,20.4
2019-11-02,日月潭,26.8,18.5,20.9
2019-11-03,日月潭,26.0,17.2,20.0
2019-11-04,日月潭,24.2,18.0,19.9
2019-11-05,日月潭,25.6,17.1,20.1
2019-11-06,日月潭,26.1,15.8,19.1
2019-11-07,日月潭,24.9,15.8,18.9
2019-11-08,日月潭,25.3,14.9,18.9
2019-11-09,日月潭,25.3,14.6,18.4
2019-11-10,日月潭,24.2,13.5,17.6
2019-11-11,日月潭,24.4,13.0,17.0
2019-11-12,日月潭,24.9,14.2,18.0
2019-11-13,日月潭,23.2,14.5,17.7
2019-11-14,日月潭,23.2,14.4,17.1
2019-11-15,日月潭,24.6,14.8,17.6
2019-11-16,日月潭,24.6,14.2,17.7
2019-11-17,日月潭,26.9,12.4,19.1
2019-11-18,日月潭,26.9,16.6,20.8
2019-11-19,日月潭,22.8,16.4,18.6
2019-11-20,日月潭,23.7,15.6,17.9
2019-11-21,日月潭,24.6,15.1,18.2
2019-11-22,日月潭,26.9,15.5,20.1
2019-11-23,日月潭,26.2,16.7,19.8
2019-11-24,日月潭,26.8,16.2,20.2
2019-11-25,日月潭,25.0,17.3,20.1
2019-11-26,日月潭,25.4,16.6,19.6
2019-11-27,日月潭,27.7,16.4,20.3
2019-11-28,日月潭,25.1,14.4,18.2
2019-11-29,日月潭,22.5,14.1,16.3
2019-11-30,日月潭,23.4,12.3,16.5
2019-12-01,日月潭,24.2,13.0,17.4
2019-12-02,日月潭,22.1,11.4,15.8
2019-12-03,日月潭,19.2,10.4,13.4
2019-12-04,日月潭,20.2,11.9,14.7
2019-12-05,日月潭,16.0,11.5,13.0
2019-12-06,日月潭,15.3,11.2,12.6
2019-12-07,日月潭,15.6,10.3,11.9
2019-12-08,日月潭,19.2,9.3,12.8
2019-12-09,日月潭,19.8,9.5,12.7
2019-12-10,日月潭,20.8,10.5,13.9
2019-12-11,日月潭,22.7,10.3,15.2
2019-12-12,日月潭,21.7,12.0,15.6
2019-12-13,日月潭,21.4,11.6,14.7
2019-12-14,日月潭,23.9,12.3,16.7
2019-12-15,日月潭,24.2,14.2,17.7
2019-12-16,日月潭,23.9,13.7,17.8
2019-12-17,日月潭,24.5,14.5,18.3
2019-12-18,日月潭,24.3,15.4,18.4
2019-12-19,日月潭,23.9,13.9,17.4
2019-12-20,日月潭,20.5,13.5,15.7
2019-12-21,日月潭,22.7,13.9,17.1
2019-12-22,日月潭,22.6,15.1,17.3
2019-12-23,日月潭,23.4,14.8,17.4
2019-12-24,日月潭,23.5,13.7,17.1
2018-12-24,梧棲,20.3,16.4,18.1
2018-12-25,梧棲,23.0,18.0,19.8
2018-12-26,梧棲,22.1,18.7,20.0
2018-12-27,梧棲,20.2,15.9,18.3
2018-12-28,梧棲,18.9,14.0,16.1
2018-12-29,梧棲,17.9,13.2,14.6
2018-12-30,梧棲,21.8,13.6,16.8
2018-12-31,梧棲,18.5,16.0,16.9
2019-01-01,梧棲,19.2,16.3,17.4
2019-01-02,梧棲,19.9,16.4,17.9
2019-01-03,梧棲,20.4,17.1,18.3
2019-01-04,梧棲,22.4,17.3,18.7
2019-01-05,梧棲,23.4,17.8,19.4
2019-01-06,梧棲,19.6,16.3,18.0
2019-01-07,梧棲,22.0,17.0,19.2
2019-01-08,梧棲,20.1,18.4,19.0
2019-01-09,梧棲,21.2,17.4,19.0
2019-01-10,梧棲,19.5,17.9,18.6
2019-01-11,梧棲,19.6,17.5,18.4
2019-01-12,梧棲,22.9,16.9,18.6
2019-01-13,梧棲,20.0,17.5,18.3
2019-01-14,梧棲,20.6,17.3,18.6
2019-01-15,梧棲,20.4,16.9,17.9
2019-01-16,梧棲,17.7,15.4,16.2
2019-01-17,梧棲,16.8,14.0,15.1
2019-01-18,梧棲,21.3,12.7,16.4
2019-01-19,梧棲,19.5,14.4,16.9
2019-01-20,梧棲,19.8,15.7,17.2
2019-01-21,梧棲,17.0,13.7,14.9
2019-01-22,梧棲,16.3,12.8,14.4
2019-01-23,梧棲,18.8,11.5,15.1
2019-01-24,梧棲,19.1,13.1,15.9
2019-01-25,梧棲,19.2,13.6,16.1
2019-01-26,梧棲,16.7,13.7,15.1
2019-01-27,梧棲,17.9,12.8,15.1
2019-01-28,梧棲,18.9,12.4,15.4
2019-01-29,梧棲,19.9,13.6,16.5
2019-01-30,梧棲,19.7,15.8,17.4
2019-01-31,梧棲,24.2,15.7,20.1
2019-02-01,梧棲,17.2,14.0,15.2
2019-02-02,梧棲,20.6,14.7,17.0
2019-02-03,梧棲,26.8,16.0,21.1
2019-02-04,梧棲,21.9,17.1,19.0
2019-02-05,梧棲,22.5,16.2,18.7
2019-02-06,梧棲,23.9,17.4,20.5
2019-02-07,梧棲,30.2,18.4,22.9
2019-02-08,梧棲,20.8,16.0,18.0
2019-02-09,梧棲,20.9,16.1,18.1
2019-02-10,梧棲,21.1,15.5,17.6
2019-02-11,梧棲,20.0,15.6,17.3
2019-02-12,梧棲,22.7,15.6,19.4
2019-02-13,梧棲,22.8,18.2,19.8
2019-02-14,梧棲,23.4,17.9,20.0
2019-02-15,梧棲,24.0,18.2,20.6
2019-02-16,梧棲,22.7,16.6,19.5
2019-02-17,梧棲,20.5,15.8,17.8
2019-02-18,梧棲,21.2,17.2,18.8
2019-02-19,梧棲,24.7,15.5,20.9
2019-02-20,梧棲,23.3,19.5,20.6
2019-02-21,梧棲,22.6,16.3,19.6
2019-02-22,梧棲,20.6,15.8,17.8
2019-02-23,梧棲,18.3,14.2,15.7
2019-02-24,梧棲,16.5,14.2,15.4
2019-02-25,梧棲,21.7,15.5,18.1
2019-02-26,梧棲,22.4,16.4,18.8
2019-02-27,梧棲,24.8,17.4,20.5
2019-02-28,梧棲,22.3,17.6,19.9
2019-03-01,梧棲,23.5,17.0,19.2
2019-03-02,梧棲,22.1,18.6,19.7
2019-03-03,梧棲,25.2,16.7,19.3
2019-03-04,梧棲,22.4,16.0,18.8
2019-03-05,梧棲,23.7,15.7,19.2
2019-03-06,梧棲,25.7,16.6,19.1
2019-03-07,梧棲,16.9,11.1,13.2
2019-03-08,梧棲,18.4,11.0,14.3
2019-03-09,梧棲,20.4,15.9,17.8
2019-03-10,梧棲,21.1,16.5,18.2
2019-03-11,梧棲,19.4,15.1,17.2
2019-03-12,梧棲,23.8,15.1,19.6
2019-03-13,梧棲,24.8,19.1,22.0
2019-03-14,梧棲,23.7,18.1,20.2
2019-03-15,梧棲,19.9,15.6,17.6
2019-03-16,梧棲,23.7,17.5,20.2
2019-03-17,梧棲,22.2,19.5,20.5
2019-03-18,梧棲,23.4,18.8,20.6
2019-03-19,梧棲,25.4,19.1,22.1
2019-03-20,梧棲,28.6,20.7,23.8
2019-03-21,梧棲,28.7,22.6,25.1
2019-03-22,梧棲,25.9,18.2,22.3
2019-03-23,梧棲,19.2,15.4,17.0
2019-03-24,梧棲,19.0,13.9,16.7
2019-03-25,梧棲,20.8,17.3,19.2
2019-03-26,梧棲,24.6,17.3,20.6
2019-03-27,梧棲,25.5,19.5,22.4
2019-03-28,梧棲,28.9,21.4,25.0
2019-03-29,梧棲,26.4,18.6,23.6
2019-03-30,梧棲,25.1,19.0,22.0
2019-03-31,梧棲,27.0,18.2,21.1
2019-04-01,梧棲,19.5,15.2,17.2
2019-04-02,梧棲,23.8,16.1,19.9
2019-04-03,梧棲,21.5,19.0,20.2
2019-04-04,梧棲,21.6,18.5,20.1
2019-04-05,梧棲,24.9,19.7,21.7
2019-04-06,梧棲,26.3,20.3,22.9
2019-04-07,梧棲,28.1,21.7,24.7
2019-04-08,梧棲,28.0,22.5,25.2
2019-04-09,梧棲,29.2,23.3,26.1
2019-04-10,梧棲,29.2,22.7,25.5
2019-04-11,梧棲,27.8,18.4,22.3
2019-04-12,梧棲,23.7,18.1,20.4
2019-04-13,梧棲,25.0,18.5,21.7
2019-04-14,梧棲,26.9,20.7,23.0
2019-04-15,梧棲,22.3,19.3,20.5
2019-04-16,梧棲,21.0,18.6,19.7
2019-04-17,梧棲,25.8,19.7,22.6
2019-04-18,梧棲,27.0,22.1,24.5
2019-04-19,梧棲,27.0,21.5,23.7
2019-04-20,梧棲,28.7,22.4,24.6
2019-04-21,梧棲,29.7,21.0,24.8
2019-04-22,梧棲,29.3,24.0,26.8
2019-04-23,梧棲,31.0,25.1,27.5
2019-04-24,梧棲,29.3,25.0,27.0
2019-04-25,梧棲,30.7,24.4,27.6
2019-04-26,梧棲,29.9,24.9,26.9
2019-04-27,梧棲,28.8,23.3,25.4
2019-04-28,梧棲,27.7,23.0,25.0
2019-04-29,梧棲,30.0,24.2,26.7
2019-04-30,梧棲,29.2,25.6,27.2
2019-05-01,梧棲,26.9,20.2,22.2
2019-05-02,梧棲,21.0,17.8,19.5
2019-05-03,梧棲,25.6,18.3,21.7
2019-05-04,梧棲,27.1,20.6,24.1
2019-05-05,梧棲,27.2,22.4,24.6
2019-05-06,梧棲,23.0,18.5,20.6
2019-05-07,梧棲,21.6,18.1,19.5
2019-05-08,梧棲,24.4,19.0,21.3
2019-05-09,梧棲,23.4,20.5,21.3
2019-05-10,梧棲,27.2,20.4,23.2
2019-05-11,梧棲,27.8,21.1,24.4
2019-05-12,梧棲,28.5,22.8,25.7
2019-05-13,梧棲,29.1,24.4,26.4
2019-05-14,梧棲,30.0,25.4,27.4
2019-05-15,梧棲,31.0,25.3,27.8
2019-05-16,梧棲,30.4,26.7,28.2
2019-05-17,梧棲,29.7,25.9,27.7
2019-05-18,梧棲,28.7,25.3,27.4
2019-05-19,梧棲,31.1,26.1,28.1
2019-05-20,梧棲,30.0,22.2,25.2
2019-05-21,梧棲,25.1,21.6,23.1
2019-05-22,梧棲,27.7,22.2,24.4
2019-05-23,梧棲,26.6,20.4,23.5
2019-05-24,梧棲,29.0,24.0,26.3
2019-05-25,梧棲,29.1,25.1,26.7
2019-05-26,梧棲,30.1,25.0,27.5
2019-05-27,梧棲,29.2,25.5,27.5
2019-05-28,梧棲,27.5,22.0,25.2
2019-05-29,梧棲,25.3,21.4,22.8
2019-05-30,梧棲,28.9,21.1,25.3
2019-05-31,梧棲,30.2,25.1,27.5
2019-06-01,梧棲,30.0,25.3,27.7
2019-06-02,梧棲,32.0,24.6,28.5
2019-06-03,梧棲,30.7,26.8,28.7
2019-06-04,梧棲,29.3,24.5,27.2
2019-06-05,梧棲,31.6,25.2,28.5
2019-06-06,梧棲,31.6,26.3,28.8
2019-06-07,梧棲,32.0,27.4,29.1
2019-06-08,梧棲,31.6,26.6,28.8
2019-06-09,梧棲,32.4,27.2,29.5
2019-06-10,梧棲,30.9,23.3,27.2
2019-06-11,梧棲,28.1,24.1,25.8
2019-06-12,梧棲,24.8,23.0,23.9
2019-06-13,梧棲,30.1,23.1,26.5
2019-06-14,梧棲,27.5,23.1,25.2
2019-06-15,梧棲,29.2,22.8,26.1
2019-06-16,梧棲,30.9,23.8,27.3
2019-06-17,梧棲,31.3,25.2,28.3
2019-06-18,梧棲,32.8,26.7,29.7
2019-06-19,梧棲,32.4,27.7,29.7
2019-06-20,梧棲,32.1,27.4,29.5
2019-06-21,梧棲,32.4,27.4,29.8
2019-06-22,梧棲,33.3,28.1,30.2
2019-06-23,梧棲,29.8,22.9,26.9
2019-06-24,梧棲,26.8,22.8,25.0
2019-06-25,梧棲,32.6,24.6,27.9
2019-06-26,梧棲,31.3,25.3,27.8
2019-06-27,梧棲,31.7,25.0,28.4
2019-06-28,梧棲,32.8,26.7,29.7
2019-06-29,梧棲,32.1,28.2,29.8
2019-06-30,梧棲,31.9,27.6,29.5
2019-07-01,梧棲,33.0,27.3,30.0
2019-07-02,梧棲,32.9,28.0,29.8
2019-07-03,梧棲,29.6,24.2,26.6
2019-07-04,梧棲,32.9,27.2,29.4
2019-07-05,梧棲,32.1,24.7,29.0
2019-07-06,梧棲,30.1,24.8,27.7
2019-07-07,梧棲,32.8,27.0,29.4
2019-07-08,梧棲,32.9,27.5,30.0
2019-07-09,梧棲,32.0,26.9,29.3
2019-07-10,梧棲,32.4,24.7,28.4
2019-07-11,梧棲,32.3,24.9,28.8
2019-07-12,梧棲,32.1,26.8,29.4
2019-07-13,梧棲,33.4,27.4,30.0
2019-07-14,梧棲,31.7,27.6,29.4
2019-07-15,梧棲,32.1,27.4,29.6
2019-07-16,梧棲,32.0,27.6,29.8
2019-07-17,梧棲,35.3,27.8,30.9
2019-07-18,梧棲,32.4,26.8,29.0
2019-07-19,梧棲,31.8,27.0,29.3
2019-07-20,梧棲,33.3,27.6,29.4
2019-07-21,梧棲,32.2,27.4,29.5
2019-07-22,梧棲,32.1,26.1,28.6
2019-07-23,梧棲,31.3,26.0,28.6
2019-07-24,梧棲,30.9,26.6,28.9
2019-07-25,梧棲,31.7,27.0,29.4
2019-07-26,梧棲,32.4,27.7,29.7
2019-07-27,梧棲,32.1,25.1,28.7
2019-07-28,梧棲,31.7,26.0,28.8
2019-07-29,梧棲,32.5,27.0,29.8
2019-07-30,梧棲,32.6,28.1,30.1
2019-07-31,梧棲,32.5,28.4,30.1
2019-08-01,梧棲,31.9,27.7,29.4
2019-08-02,梧棲,32.1,27.1,29.2
2019-08-03,梧棲,32.8,26.6,29.3
2019-08-04,梧棲,33.0,27.5,30.1
2019-08-05,梧棲,33.1,28.5,30.4
2019-08-06,梧棲,33.0,28.5,30.3
2019-08-07,梧棲,32.6,28.2,30.2
2019-08-08,梧棲,32.7,25.6,28.8
2019-08-09,梧棲,31.1,24.9,27.8
2019-08-10,梧棲,31.7,26.7,29.8
2019-08-11,梧棲,31.3,26.9,29.0
2019-08-12,梧棲,29.0,24.7,27.3
2019-08-13,梧棲,30.0,23.8,27.1
2019-08-14,梧棲,32.6,24.8,28.9
2019-08-15,梧棲,30.3,24.3,26.3
2019-08-16,梧棲,30.0,24.3,27.3
2019-08-17,梧棲,31.7,23.7,27.8
2019-08-18,梧棲,30.1,23.8,26.9
2019-08-19,梧棲,29.8,23.7,25.7
2019-08-20,梧棲,31.1,25.0,27.6
2019-08-21,梧棲,30.2,26.1,27.7
2019-08-22,梧棲,31.6,26.6,29.1
2019-08-23,梧棲,33.1,27.2,30.1
2019-08-24,梧棲,33.5,27.9,29.2
2019-08-25,梧棲,33.9,26.1,28.8
2019-08-26,梧棲,32.5,26.6,29.4
2019-08-27,梧棲,31.3,27.2,29.0
2019-08-28,梧棲,32.3,26.6,29.2
2019-08-29,梧棲,32.5,27.4,29.5
2019-08-30,梧棲,30.7,26.7,28.5
2019-08-31,梧棲,32.2,26.2,29.3
2019-09-01,梧棲,32.5,26.4,28.8
2019-09-02,梧棲,31.7,26.1,29.2
2019-09-03,梧棲,32.3,27.5,29.4
2019-09-04,梧棲,31.1,25.8,28.3
2019-09-05,梧棲,31.5,26.1,27.7
2019-09-06,梧棲,31.7,26.4,28.9
2019-09-07,梧棲,31.7,26.8,28.9
2019-09-08,梧棲,32.1,25.5,29.0
2019-09-09,梧棲,32.3,27.0,29.2
2019-09-10,梧棲,31.9,27.2,29.2
2019-09-11,梧棲,33.1,26.3,29.1
2019-09-12,梧棲,33.6,27.7,29.9
2019-09-13,梧棲,32.8,26.8,29.3
2019-09-14,梧棲,31.4,25.6,28.3
2019-09-15,梧棲,31.3,25.5,27.8
2019-09-16,梧棲,31.2,25.3,27.5
2019-09-17,梧棲,29.8,24.0,26.9
2019-09-18,梧棲,29.5,25.0,26.9
2019-09-19,梧棲,28.9,24.3,26.0
2019-09-20,梧棲,26.9,21.6,24.4
2019-09-21,梧棲,27.1,21.8,24.1
2019-09-22,梧棲,29.7,23.5,25.9
2019-09-23,梧棲,28.6,22.6,25.2
2019-09-24,梧棲,28.3,22.2,25.0
2019-09-25,梧棲,28.4,22.1,24.9
2019-09-26,梧棲,29.4,22.0,25.4
2019-09-27,梧棲,29.3,23.7,26.0
2019-09-28,梧棲,29.4,24.2,26.5
2019-09-29,梧棲,29.5,24.5,26.8
2019-09-30,梧棲,29.3,23.7,26.4
2019-10-01,梧棲,31.4,23.6,27.4
2019-10-02,梧棲,32.2,25.3,27.9
2019-10-03,梧棲,32.2,26.4,28.2
2019-10-04,梧棲,30.2,26.2,27.6
2019-10-05,梧棲,30.2,26.0,27.8
2019-10-06,梧棲,32.2,25.6,27.8
2019-10-07,梧棲,30.2,25.4,27.4
2019-10-08,梧棲,30.7,24.1,26.8
2019-10-09,梧棲,30.6,23.7,26.4
2019-10-10,梧棲,29.5,23.0,25.7
2019-10-11,梧棲,29.0,22.4,25.5
2019-10-12,梧棲,30.2,24.3,26.6
2019-10-13,梧棲,29.2,23.7,25.8
2019-10-14,梧棲,28.5,23.3,25.2
2019-10-15,梧棲,28.1,22.0,24.5
2019-10-16,梧棲,27.0,21.6,23.6
2019-10-17,梧棲,27.5,21.6,24.1
2019-10-18,梧棲,27.1,21.4,23.6
2019-10-19,梧棲,26.3,21.5,23.4
2019-10-20,梧棲,26.0,21.0,23.1
2019-10-21,梧棲,26.5,20.4,23.0
2019-10-22,梧棲,28.1,19.4,23.2
2019-10-23,梧棲,27.2,20.9,23.6
2019-10-24,梧棲,27.1,21.2,23.5
2019-10-25,梧棲,27.0,20.8,23.5
2019-10-26,梧棲,28.0,20.8,23.5
2019-10-27,梧棲,26.9,21.0,23.4
2019-10-28,梧棲,27.1,21.5,23.6
2019-10-29,梧棲,23.6,21.7,22.3
2019-10-30,梧棲,26.2,21.6,23.3
2019-10-31,梧棲,26.2,21.7,23.8
2019-11-01,梧棲,27.3,22.6,24.3
2019-11-02,梧棲,27.2,21.4,23.7
2019-11-03,梧棲,26.5,21.9,23.6
2019-11-04,梧棲,24.8,21.9,22.9
2019-11-05,梧棲,25.3,21.0,22.6
2019-11-06,梧棲,26.0,20.5,22.7
2019-11-07,梧棲,26.8,19.7,22.7
2019-11-08,梧棲,25.2,20.6,22.3
2019-11-09,梧棲,24.0,17.8,20.8
2019-11-10,梧棲,25.1,16.5,20.7
2019-11-11,梧棲,25.2,18.7,21.5
2019-11-12,梧棲,25.9,18.9,22.2
2019-11-13,梧棲,25.9,19.5,22.6
2019-11-14,梧棲,23.3,19.4,21.2
2019-11-15,梧棲,25.1,17.2,20.9
2019-11-16,梧棲,25.4,18.8,22.0
2019-11-17,梧棲,26.0,20.0,22.7
2019-11-18,梧棲,25.5,19.4,21.8
2019-11-19,梧棲,21.2,18.7,19.3
2019-11-20,梧棲,22.3,18.4,20.0
2019-11-21,梧棲,24.5,17.7,20.7
2019-11-22,梧棲,24.5,19.6,22.0
2019-11-23,梧棲,25.3,20.1,22.4
2019-11-24,梧棲,25.8,20.8,22.8
2019-11-25,梧棲,25.8,20.0,21.7
2019-11-26,梧棲,23.8,19.6,21.3
2019-11-27,梧棲,24.9,19.4,21.3
2019-11-28,梧棲,21.0,16.7,18.9
2019-11-29,梧棲,22.5,17.1,19.5
2019-11-30,梧棲,23.6,16.7,20.2
2019-12-01,梧棲,24.3,19.2,21.0
2019-12-02,梧棲,20.2,14.9,17.3
2019-12-03,梧棲,20.7,14.4,16.8
2019-12-04,梧棲,20.0,15.6,17.5
2019-12-05,梧棲,15.8,13.9,14.7
2019-12-06,梧棲,15.6,14.3,15.0
2019-12-07,梧棲,17.0,13.7,15.2
2019-12-08,梧棲,20.2,14.2,16.4
2019-12-09,梧棲,21.0,13.3,17.2
2019-12-10,梧棲,22.9,15.5,18.6
2019-12-11,梧棲,22.0,15.9,18.8
2019-12-12,梧棲,22.6,15.3,18.4
2019-12-13,梧棲,21.6,15.4,18.4
2019-12-14,梧棲,23.7,15.1,19.3
2019-12-15,梧棲,23.0,16.9,19.8
2019-12-16,梧棲,22.9,17.5,19.7
2019-12-17,梧棲,27.2,18.5,22.8
2019-12-18,梧棲,23.4,18.7,20.6
2019-12-19,梧棲,22.1,17.2,19.3
2019-12-20,梧棲,21.1,17.2,18.9
2019-12-21,梧棲,21.2,17.7,18.8
2019-12-22,梧棲,24.9,17.6,19.5
2019-12-23,梧棲,21.5,16.7,19.1
2019-12-24,梧棲,21.4,18.3,19.3
